PDV;Fantasia;RN;Vis_RN;Vis_BEES;Status_PDV;Status Inad
60;SF DO POLACO;307;QUI/;SEG/;Ativo;Em dia
64;S5 - SUP NEVES;304;QUI/;SEG/;Ativo;Em dia
65;CASA ANTONIELI;108;QUI/;QUI/;Ativo;Em dia
70;PANIF NOVA UNIAO;108;QUI/;SEG/;Ativo;Em dia
83;INDAIA CLUBE;108;QUI/;SEG/;Ativo;Em dia
84;MINI BAR ESTRELA;108;QUI/;DOM/;Ativo;Em dia
85;SUP GRAN MORO;304;QUI/;SEG/;Ativo;Em dia
135;O BOI NA BRAZA;108;SEX/;TER/;Ativo;-
140;BAR EMPORIO SOUZA;108;TER/;DOM/;Ativo;Em dia
142;PANIFICADORA PINGUIM;108;TER/;DOM/;Ativo;-
157;BAR CENTRAL;108;TER/;SEX/;Ativo;-
164;BAR DO MESSIAS;108;TER/;SEX/;Ativo;-
182;S5 - BAR DO TINAO;112;QUA/;SAB/;Ativo;Em dia
224;EMPORIO OLIMPICO;108;SEG/;QUI/;Ativo;Em dia
225;BAR MARAJA;108;SEG/;QUI/;Ativo;-
230;SUPERMERCADO LISBOA;304;SEG/;QUI/;Ativo;Em dia
276;EMPORIO SANTOS MOREI;108;QUA/;DOM/;Ativo;Em dia
286;CONFRARIA SERV;303;SAB/;TER/QUA/;Ativo;Em dia
303;SUP GOLFINHO;302;QUA/;SAB/;Ativo;Em dia
318;BANESPINHA;106;TER/;DOM/;Ativo;Em dia
358;SERV SOL III;302;QUA/;SAB/;Ativo;Em dia
365;SUPERMERC SERV LAR;106;QUI/;SEG/;Ativo;-
372;EMPORIO MANTOVANI;106;TER/;DOM/;Ativo;-
375;CALIFORNIA BAR;106;TER/;SEX/;Ativo;Em dia
449;BELISSIMA PAES DOCES;110;QUA/;QUA/;Ativo;-
496;CLUBE GRANADENSE;108;QUI/;SEG/;Ativo;Em dia
511;CONV DOM PEDRO;303;QUI/;SEG/;Ativo;Em dia
564;CASEIRO LANCHES;201;SEG/;QUI/;Ativo;-
579;BAR DO PONTO A;108;QUI/;SEG/;Ativo;-
609;BAR DO FAISCA;107;SEX/;TER/;Ativo;-
611;S5 - BAR ST MONICA;106;QUA/;SAB/;Ativo;Em dia
618;S5 - CASA DO PAO E B;106;QUA/;SAB/;Ativo;Em dia
633;CHURRAS BOI NA BRASA;109;SEG/;QUI/;Ativo;-
675;T J MARTINS MERC;108;SEX/;DOM/;Ativo;-
689;CENTRAL DA REDE SOL;305;SEG/;SEG/;Ativo;-
701;S5 - BAR DO PEDRINHO;108;QUI/;SEG/;Ativo;Em dia
711;S5 - SUPERMERC CRUZE;304;QUI/;SEG/;Ativo;Em dia
719;BAR CLAUDIO;111;QUA/;SAB/;Ativo;Em dia
722;CS DE CARNE SAO JOSE;101;SEX/;SEX/;Ativo;-
727;BAR E MERC AMARAL;106;QUI/;SEG/;Ativo;-
740;MERCADO DEZAN;302;SEG/;QUI/;Ativo;Em dia
769;BAR DA DIRCE;106;SEX/;TER/;Ativo;Em dia
773;PADARIA PROGRESSO;110;SAB/;QUA/;Ativo;-
845;CONVENIENCIA KOLINA;301;SAB/;QUA/;Ativo;Em dia
855;POSTO IPIRANGA VIP;110;SEG/;QUI/;Ativo;Em dia
862;FACILITY FRIOS;207;SAB/;QUA/;Ativo;-
891;CASA DE CARNES CAMAR;203;TER/;SEX/;Ativo;-
907;BAR DO CODORNA;204;SEX/;SEX/;Ativo;-
915;VIA ROMA AUTO POSTO;101;TER/;SEX/;Ativo;-
921;BAR DO GUM;103;TER/;SEX/;Ativo;-
922;ARMAZEM ARABE;207;SEG/;QUI/;Ativo;Em dia
957;S5 - MIRAI;207;SEX/;TER/;Ativo;Em dia
959;SUPERMERCADO BRASIL;301;QUA/;SAB/;Ativo;Em dia
962;POSTO DOIS IRMAOS;304;SEX/;TER/;Ativo;-
973;AUTO POSTO ARABE;104;SAB/;DOM/;Ativo;-
977;MERC SANTA LUZIA;302;SEG/;QUI/;Ativo;Em dia
999;RUBENS RESTAURANTE;203;SEG/;QUI/;Ativo;-
1003;BAR DO ARATAKA;204;SEX/;TER/;Ativo;-
1014;BAR DO CARLIN;204;TER/;SEX/;Ativo;-
1067;PASTORINHO;305;TER/;SEX/;Ativo;Em dia
1070;RESTAURANTE MARACUJA;107;TER/;SEX/;Ativo;-
1101;BAR DA TIA RITA;104;SAB/;QUA/;Ativo;Em dia
1110;SUP REDE MAIS;303;SEX/;TER/;Ativo;Em dia
1123;MERC CAPELIN;110;TER/;DOM/;Ativo;-
1188;SPAZZIO CAFE;205;SAB/;QUA/;Ativo;Em dia
1210;SUP LARANJAO LOJA 6;303;TER/;SEX/;Ativo;-
1216;SUP FRIOS CARVALHO;301;QUI/;SEG/;Ativo;Em dia
1244;BAR E MERC MARCOS;204;SEX/;TER/;Ativo;-
1252;S5 - SUP ANTUNES III;305;SEG/;QUI/;Ativo;Em dia
1285;MERC BIGODE;109;SAB/;QUA/;Ativo;Em dia
1317;FAUZE KARAM;207;QUI/;SEG/;Ativo;Em dia
1325;S.FESTAS CLAUDINHO;112;QUI/;SEG/;Ativo;Em dia
1329;SERV FESTA BMC;306;QUI/;SEG/;Ativo;Em dia
1332;REAL;111;QUA/;DOM/;Ativo;-
1356;RESTAURANTE GAUCHA;111;SAB/;QUA/;Ativo;-
1372;S5 -BAR STO EXPEDITO;111;SEX/;TER/;Ativo;-
1374;BAR E MERC CACA;111;SEG/;QUI/;Ativo;-
1410;REST MASSA FINA;108;QUI/;DOM/;Ativo;-
1458;BAR MACAUBAR;112;QUA/;DOM/;Ativo;-
1465;CASA NORTE JACOBINA;111;SEX/;TER/;Ativo;Em dia
1466;SERV FESTA DO LICO;308;QUA/;SAB/;Ativo;Em dia
1469;BOATE FEITICO;202;SEG/;QUI/;Ativo;-
1487;POSTO TRES ABRIL;301;QUA/;SAB/;Ativo;-
1555;S5 - BAR DO EDMAR;204;QUA/;SAB/;Ativo;Em dia
1566;PANIF SUPER PAO;103;SAB/;SAB/;Ativo;-
1570;FRITA E AGRIAO;103;TER/;SEX/;Ativo;Em dia
1577;S5 - SUPERMERC APRAZ;302;QUI/;SEG/;Ativo;Em dia
1584;QUITANDA STA ADELIA;101;SEG/;DOM/;Ativo;-
1587;EMPORIO ABREU;103;QUI/;SEG/;Ativo;-
1606;SIDS LANCHES;202;QUA/;DOM/;Ativo;Em dia
1623;REST EL TEMPLE;103;QUI/;SEG/;Ativo;-
1625;REST BOM DEMAIS;203;SEX/;DOM/;Ativo;-
1632;PENSAO N. S. APARECI;103;QUI/;QUI/;Ativo;-
1659;S5 - BAR DA LEONTINA;202;QUA/;SAB/;Ativo;Em dia
1677;MERCADO SAO JOSE;302;SEX/;TER/;Ativo;Inad
1686;GM STECHI CONV;301;SEG/;QUI/;Ativo;-
1699;JUNIORS LANCHES;204;QUA/;QUA/;Ativo;-
1700;HOTEL ASSI PALACE;207;TER/;SEX/;Ativo;-
1714;FONTE DO PALADAR;203;TER/;SEX/;Ativo;-
1715;LANCH DA RODOVIARIA;204;QUA/;DOM/;Ativo;-
1720;BRUTOS LANCHES;202;QUA/;SAB/;Ativo;Em dia
1725;S5 - BAR MARQUIOLLI;204;QUA/;SAB/;Ativo;-
1753;S5 - BONDI MIRASSOL;305;SEG/;QUI/;Ativo;Em dia
1757;S5 - BAR DO ALMEIDA;204;QUA/;SAB/;Ativo;Em dia
1762;SUP SAO BENEDITO;101;SEG/;SEG/;Ativo;-
1769;S5 - BAR DO VAL;204;QUI/;SEG/;Ativo;-
1771;JOSE DE SOUZA;204;QUI/;DOM/;Ativo;Em dia
1784;S5 - PANIF S MIGUEL;204;QUI/;SEG/;Ativo;Em dia
1803;MERC DO CARMO;204;QUI/;SEG/;Ativo;Em dia
1829;MERC DO GUMERCINDO;204;SEG/;SEG/;Ativo;-
1861;SUP SOPRIMO;304;QUA/;SAB/;Ativo;Em dia
1865;BAR PRIMAVERA;112;TER/;SEX/;Ativo;-
1877;BAR DO TREVO;106;QUA/;SAB/;Ativo;-
1880;MERC DO NATAL;106;QUA/;SAB/;Ativo;-
1884;EMPORIO SAO JOSE;106;QUA/;SAB/;Ativo;-
1894;MERCADO BALSERV;106;SEG/;QUI/;Ativo;Em dia
1897;CS CRNE BOI BOM;106;SEX/;TER/;Ativo;Em dia
1900;EMPORIO NAVAS;302;QUA/;SAB/;Ativo;Em dia
1902;EMPORIO NAVAS;106;SEG/;QUI/;Ativo;Em dia
1904;BAR DO CHICAO;106;SEG/;QUI/;Ativo;Em dia
1935;S5 - SUP SANTA ROSA;305;SEG/;QUI/;Ativo;Em dia
2029;S5 - SUP ANTUNES I;305;SEG/;QUI/;Ativo;Em dia
2112;BAR DO DI;112;TER/;SEX/;Ativo;Em dia
2134;SERV FESTA DODAS;308;QUI/;SEG/;Ativo;Em dia
2169;BAR E MERC DO PEDRIN;106;SEX/;TER/;Ativo;-
2185;S5 - REC DOS AMIGOS;103;QUI/;SEG/;Ativo;Em dia
2220;S5 - BAR MAGRAO;207;QUI/;SEG/;Ativo;Em dia
2256;PEDROSO MIRASSOL;302;SEX/;TER/;Ativo;Em dia
2286;GUAP CARNES;109;QUA/;SAB/;Ativo;Em dia
2300;DDN;203;SAB/;QUA/;Ativo;-
2310;CASA DE CARNES BOI B;104;TER/;SEX/;Ativo;-
2325;BAR MERC GARCIA;302;QUA/;SAB/;Ativo;Em dia
2326;S5 - BAR DO MENEZES;204;SEX/;TER/;Ativo;-
2343;MERCADO FREDERICO;103;SEG/;SEG/;Ativo;-
2350;S5 - DISK PIZZA;202;QUA/;DOM/;Ativo;Em dia
2403;VAREJAO SO FACIL;103;TER/;SEX/;Ativo;-
2418;MERC PERPETUA;102;QUA/;QUA/;Ativo;Em dia
2422;FELIX PETROLLI;205;SEX/;SEX/;Ativo;-
2439;FEIRINHA DA ROSE;204;QUA/;DOM/;Ativo;Em dia
2472;S5 - BAR DO ISAQUEU;104;QUA/;SAB/;Ativo;-
2483;PANIF DOS ANJOS;204;SEG/;QUI/;Ativo;-
2484;MERC MAIS PRA VOCE;302;TER/;SEX/;Ativo;-
2487;T AI CAFE;207;QUA/;SAB/;Ativo;-
2518;SUP JD DO LAGO;302;QUI/;SEG/;Ativo;Em dia
2530;SUPER TANABI;302;QUA/;SAB/;Ativo;Em dia
2536;EMPORIO MARCON;106;QUA/;SAB/;Ativo;Em dia
2557;H2 CHOPP;205;SEX/;TER/;Ativo;Em dia
2580;MERC GIANINI;303;SAB/;QUA/;Ativo;-
2606;MERC SANTA MARIA;105;QUA/;QUA/;Ativo;-
2621;S5 - BAR DO ARI;101;SAB/;QUA/;Ativo;Em dia
2635;BAR E PADARIA SANTAN;103;QUA/;SAB/;Ativo;Em dia
2663;SUPERMERC GONCALVES;104;QUA/;DOM/;Ativo;-
2666;RESTAURANTE PITA;104;QUA/;SAB/;Ativo;Em dia
2677;VIA POINT GRILL;107;QUI/;SEG/;Ativo;-
2687;S5 - SOB NOVA DIRECA;201;SEG/;QUI/;Ativo;Em dia
2689;MINIMERCADO MORO;309;TER/;SEX/;Ativo;-
2700;BAR E MER DO PAQUITO;103;QUA/;QUA/;Ativo;Em dia
2720;S5 - SUP ECONOMICO;305;SEX/;TER/;Ativo;-
2772;BAR DO FRANCHETTI;109;SEX/;TER/;Ativo;-
2778;MERC SAO JOSE;103;SEG/;QUI/;Ativo;-
2785;BAR DO ALEMAO;101;SEX/;TER/;Ativo;-
2786;PANIFICADORA SABOR D;103;QUA/;DOM/;Ativo;-
2787;BAR MERC SAO JOSE;103;QUA/;SAB/;Ativo;-
2793;PANIF PROGRESSO;204;SEG/;SEG/;Ativo;-
2812;JN TREVO;302;QUA/;SAB/;Ativo;-
2822;CAIC S BAR;101;SAB/;QUA/;Ativo;-
2824;ESTANCIA LAGO A;102;SEG/;QUI/;Ativo;-
2825;BAR DAS MENINAS;203;QUA/;SAB/;Ativo;-
2839;PADARIA VILLA PAES;111;QUA/;SAB/;Ativo;Inad
2840;CASA CARNES SOARES;110;TER/;SEX/;Ativo;-
2856;BAR COSME DAMIAO;111;SEG/;QUI/;Ativo;Em dia
2894;BARRINA SUPERMERCADO;301;SEG/;QUI/;Ativo;Em dia
2899;BAR DO DONI;204;SEG/;QUI/;Ativo;Em dia
2903;MERCADO SAO SEBASTIA;302;SEG/;QUI/;Ativo;-
2904;PADARIA EBENEZER;204;SEX/;SEX/;Ativo;-
2911;S5 - BAR CRUZEIRO;105;SEG/;DOM/;Ativo;-
2918;CANTINA FACERES;205;SEX/;TER/;Ativo;-
2926;S FESTAS DOIS IRMAOS;306;QUA/;SAB/;Ativo;Em dia
2941;BR MANIA BR MIX;303;TER/;SEX/;Ativo;-
2950;BAR SORV ITAU;109;QUA/;SAB/;Ativo;Em dia
2970;KRIPTONS BAR;102;SEG/;SEG/;Ativo;-
2985;S5 - BAR DO MANE;105;QUI/;SEG/;Ativo;Em dia
3003;NOVA PIPA;108;SAB/;DOM/;Ativo;-
3020;BAR DO PITICO;107;TER/;SEX/;Ativo;-
3022;BAR DE MARCO;102;TER/;SEX/;Ativo;Em dia
3033;ABDO S LANCHES;205;TER/;SEX/;Ativo;Em dia
3065;BAR DO GILMAR;106;QUA/;;Bloqueado;-
3091;EMPORIO CIDO;102;SEG/;QUI/;Ativo;-
3093;BAR DO TONHO;204;SEG/;QUI/;Ativo;Em dia
3098;BAR CENTRAL;103;SEX/;TER/;Ativo;-
3122;S5 - NOSSO BAR;101;TER/;SEX/;Ativo;-
3148;BAR DO MINEIRO;111;SEG/;QUI/;Ativo;-
3155;S5 - BAR DO EDMAR;102;SEX/;TER/;Ativo;-
3167;BAR E MERC BAIANINHO;111;SEG/;DOM/;Ativo;-
3176;MERC E BAR BERTOLLO;309;QUA/;SAB/;Ativo;Em dia
3191;SUPERMERCADO ROCHA;309;TER/;SEX/;Ativo;Em dia
3193;PANIF. TARRAF;204;SAB/;QUA/;Ativo;Em dia
3219;AUTO POSTO;106;SEX/;TER/;Ativo;-
3228;LANCHONETE DO TIO;102;QUI/;DOM/;Ativo;Em dia
3230;BAR DA MARA;111;QUA/;QUA/;Ativo;Em dia
3238;LANCH JACARE;202;QUI/;TER/;Ativo;-
3240;CASA CARNES TONINHO;101;TER/;TER/;Ativo;-
3301;MERC SANTA ISABEL;102;SAB/;DOM/;Ativo;-
3303;PANIF.STA TEREZINHA;105;QUA/;SAB/;Ativo;-
3307;BAR GAUCHO UNITRA;101;TER/;SEX/;Ativo;Em dia
3324;CARNE e CIA;309;SEX/;TER/;Ativo;-
3328;BAR DO VALDIR G;109;SAB/;QUA/;Ativo;Em dia
3334;S5 - BAR E MERC JS;101;SAB/;QUA/;Ativo;Em dia
3339;LANCHONETE REZENDE;103;TER/;SEX/;Ativo;-
3347;FERNANDAO;306;SAB/;QUA/;Ativo;Em dia
3351;REST SANTA TEREZINHA;108;SEX/;DOM/;Ativo;-
3364;POSTO MIRAMAX;302;SEX/;TER/;Ativo;Em dia
3366;MERC COM GAS;302;SEG/;QUI/;Ativo;Em dia
3369;PANIF SAO JOSE;204;QUI/;DOM/;Ativo;Em dia
3394;BAR DO EDI;104;TER/;DOM/;Ativo;-
3402;MERC. PONCE e NAVAS;106;QUA/;SAB/;Ativo;Em dia
3445;BRUNO BONDI JACI;305;SEG/;QUI/;Ativo;Em dia
3448;AUTO POSTO PORTAL;112;QUA/;QUA/;Ativo;-
3449;CHINAO MIRASSOL;309;SEX/;TER/;Ativo;-
3457;BAR E LACH. SERTANEJ;109;QUI/;DOM/;Ativo;-
3458;POSTO MARAMBAIA;105;TER/;SEX/;Ativo;Em dia
3461;FAMILY LANCHES;202;TER/;SEX/;Ativo;Em dia
3498;SERV FESTA SAO JUDAS;102;SAB/;QUA/;Ativo;-
3510;RESTAURANTE GORETTE;107;QUA/;SAB/;Ativo;Em dia
3528;PADARIA PAES;106;SEX/;DOM/;Ativo;-
3534;SUP FACHIN;302;QUI/;SEG/;Ativo;-
3552;LANCH. CATEDRAL;203;QUA/;DOM/;Ativo;Em dia
3577;VAREJAO STA CATARINA;109;SEG/;QUI/;Ativo;-
3598;MARRETA LANCHES;101;SEG/;DOM/;Ativo;Em dia
3644;KI PAO;101;TER/;SEX/;Ativo;Em dia
3647;BAR DA CIDA;107;SEG/;QUI/;Ativo;-
3681;SUP SCOTTE;301;QUA/;SAB/;Ativo;Em dia
3717;O LUGAR;201;SEG/;DOM/;Ativo;Em dia
3719;REST. FRICASSE;205;QUA/;SAB/;Ativo;Em dia
3739;COMO COMER;110;QUI/;QUI/;Ativo;-
3747;BAR E MERCEARIA MV;103;SAB/;QUA/;Ativo;Em dia
3760;BAR MERC COROTE;101;SEX/;SEX/;Ativo;Em dia
3763;S5 - REST NIKKEY;205;TER/;SEX/;Ativo;Em dia
3774;MINI MERC RODRIGO;108;SEX/;DOM/;Ativo;-
3779;BOCAO LANCHES;201;QUI/;DOM/;Ativo;-
3793;PASTELARIA DO CHINES;203;SEX/;TER/;Ativo;-
3802;BAR E LAN.ONDA VERDE;112;QUA/;SAB/;Ativo;Em dia
3804;BAR DO CIDO;103;SEX/;SEX/;Ativo;Em dia
3816;PANIF CASEIRINHO;111;TER/;DOM/;Ativo;-
3832;CANTINHO DO PASTEL 2;202;QUA/;DOM/;Ativo;Em dia
3840;PASTELARIA DUALEX;202;TER/;SEX/;Ativo;-
3841;PONTO DO PASTEL;202;QUA/;QUA/;Ativo;Em dia
3860;BAR DOS VIOLEIROS;203;TER/;SEX/;Ativo;-
3882;POSTO PASSARELLA;302;TER/;SEX/;Ativo;Em dia
3893;S5 - BAR DO MASSA;105;SEG/;QUI/;Ativo;Em dia
3899;DISK CERVEJA;308;TER/;SEX/;Ativo;Em dia
3912;MINI MERCADO POPULAR;304;SEG/;QUI/;Ativo;-
3915;ZE - SERV FES GORDO;307;SEX/;TER/;Ativo;-
3924;BAR DO BORRACHA;109;SEX/;DOM/;Ativo;Em dia
3942;SUP NASCIMENTO III;303;SEG/;QUI/;Ativo;-
3943;S5 - CS C FLAMBOYAN;204;SEX/;TER/;Ativo;-
3956;PACO PIZZARIA E PAST;106;SEG/;DOM/;Ativo;-
3961;REST SABOR DO SUL;203;SEX/;TER/;Ativo;-
4004;REST. TEMPERO 10;203;QUI/;SEG/;Ativo;Em dia
4018;C DE CARNES BENITES;204;SEX/;SEX/;Ativo;-
4020;SOL SERV FESTA;308;QUA/;SAB/;Ativo;Em dia
4024;PASTELARIA DA PEDRA;207;QUA/;SAB/;Ativo;Em dia
4034;S5 - VILLA CONTE;205;QUI/;SEG/;Ativo;-
4042;MERCADINHO 2 IRMAOS;301;SEX/;TER/;Ativo;-
4094;POSTO HM PIEDADE;309;QUI/;SEG/;Ativo;Em dia
4095;PALESTRA CONVENIENCI;309;QUI/;SEG/;Ativo;-
4107;IAIA BISTRO E CREPE;201;SEX/;DOM/;Ativo;Em dia
4115;EMPORIO STO ANTONIO;205;SEX/;TER/;Ativo;-
4139;VILLA PER TUTTI;205;SEX/;TER/;Ativo;-
4143;MERC SOUZA;302;TER/;SEX/;Ativo;-
4148;LIG GAS;306;SEX/;TER/;Ativo;-
4154;BAR RECREIO;203;TER/;SEX/;Ativo;-
4166;CASA CARNE MACHADO;105;QUA/;DOM/;Ativo;Em dia
4183;ROTISSERIA SOGRA 2;109;SEG/;QUI/;Ativo;-
4219;BAR DO CIPRIANO;110;SEG/;QUI/;Ativo;-
4252;BAR E MERC VOLPE;106;SEX/;TER/;Ativo;-
4253;SERV FESTA BUGATTI;307;SEX/;TER/;Ativo;Em dia
4300;TO DI BOA;108;SAB/;QUA/;Ativo;Em dia
4321;ZE - BRAHMA EXPRESS;205;TER/;SEX/;Ativo;Em dia
4354;POSTO ITAIPU;303;SEX/;TER/;Ativo;Em dia
4366;MERCEARIA ALMEIDA;110;QUI/;SEG/;Ativo;Em dia
4379;DEP BEBIDAS E e R;307;QUI/;SEG/;Ativo;Em dia
4403;S5 - EMP. BEER;101;QUA/;DOM/;Ativo;Em dia
4404;SACOLAO DA ECONOMIA;103;QUI/;SEG/;Ativo;Em dia
4431;SABOR DO CAMPO;207;QUA/;SAB/;Ativo;-
4460;SERV FESTA PALESTINA;105;SEX/;TER/;Ativo;Em dia
4469;BAR ANTONIO;104;TER/;DOM/;Ativo;Em dia
4473;BAR DO LUIZINHO;102;TER/;SEX/;Ativo;-
4475;S5 - SUP IVONE IV;305;SEX/;TER/;Ativo;Em dia
4486;S5 - PROENCA CECAP;305;TER/;SEX/;Ativo;-
4496;BAR DO BALDIN;204;QUI/;SEG/;Ativo;Em dia
4514;LANCHONETE XANDAO;102;QUA/;SAB/;Ativo;Em dia
4527;CASA CARNE ZANCHETTA;109;SEX/;TER/;Ativo;-
4539;BOM FIM SUPERMERCADO;303;SAB/;QUA/;Ativo;-
4589;SERV FESTA PEREIRA;308;QUI/;SEG/;Ativo;Em dia
4608;PANIFICADORA SARON;101;TER/;DOM/;Ativo;-
4619;FAROL LANCHE;102;QUA/;SAB/;Ativo;Em dia
4624;EMPORIO AVENIDA;301;SEG/;QUI/;Ativo;Em dia
4632;BRASEIRO DO MASSA;205;TER/;SEX/;Ativo;Em dia
4642;MERCEARIA KIDAO;304;QUA/;SAB/;Ativo;Em dia
4643;GRUPO MARQUES BEBIDA;308;QUI/;SEG/;Ativo;Em dia
4665;SANTA CLUB BAR;205;TER/;SEX/;Ativo;Em dia
4685;S5 - BAR DO BENEDITO;105;SEX/;TER/;Ativo;-
4693;SUPERMERCADO GOMES;102;SEG/;SEG/;Ativo;-
4699;S5 - PORECATU N S PA;305;SAB/;QUA/;Ativo;Em dia
4708;EMPORIO BRITO;204;QUI/;SEG/;Ativo;Em dia
4715;BAR CARDOSO;106;SEX/;DOM/;Ativo;-
4716;PANIF. PINHEIRO;110;SEX/;TER/;Ativo;Inad
4765;BAR E MERC. PEDROSO;102;SEG/;SEG/;Ativo;-
4777;BAR DO EDSON;106;QUI/;SEG/;Ativo;-
4779;PANIF DONA MARIA;108;SAB/;DOM/;Ativo;-
4801;MERC ANDRADE;302;SEX/;TER/;Ativo;-
4838;EMPORIO DA FESTA;307;SAB/;QUA/;Ativo;Em dia
4870;PADARIA MERC.BRASIL;108;QUA/;QUA/;Ativo;-
4899;SUPERMERC SAO LUIZ;301;SAB/;QUA/;Ativo;Em dia
4900;BAR MERC TROIANO;103;TER/;SEX/;Ativo;Em dia
4907;BAR DO CASSIO;101;TER/;SEX/;Ativo;-
4945;BAR BIROLIM;104;SAB/;DOM/;Ativo;-
4965;PAPAYA CREAM;105;QUI/;SEG/;Ativo;Em dia
4978;POSTO HG;105;SAB/;QUA/;Bloqueado;-
4985;MERC REINOSO;309;QUA/;SAB/;Ativo;Em dia
4988;BAR DO CIDINHO;202;SEX/;TER/;Ativo;Inad
4990;BAR DO GOMES;101;TER/;SEX/;Ativo;Em dia
4991;PANIFICADORA VITORIA;104;SEX/;TER/;Ativo;-
4998;S5 - BAR EXPEDICIONA;105;SEG/;QUI/;Ativo;Em dia
5001;BAR SAO SILVESTRE;101;SEG/;QUI/;Ativo;Em dia
5004;JONI BONI;308;QUI/;SEG/;Ativo;Em dia
5021;CASA DE CARNE PAULA;107;SEG/;QUI/;Ativo;Em dia
5023;BAR RAIO DE SOL;110;SAB/;QUA/;Ativo;-
5042;BAR DO GOIANO;111;TER/;TER/;Ativo;Em dia
5044;AUTO POSTO SAO JOSE;101;QUA/;QUA/;Ativo;-
5064;AUTO POSTO MODELO;302;SEG/;QUI/;Ativo;Em dia
5075;BIRO BIRO PAES DOCES;108;SEG/;DOM/;Ativo;-
5080;REST CAETANO;110;SEG/;QUI/;Ativo;-
5083;S5 - BAR PAPOS E PRO;102;SEG/;QUI/;Ativo;-
5095;BAR DO REIZINHO;204;SEX/;TER/;Ativo;-
5096;S5 - BAR DO GAUCHOS;203;QUA/;SAB/;Ativo;Em dia
5097;MERCADO VERAO;101;TER/;TER/;Ativo;Em dia
5098;POSTO BRASILIA;204;QUA/;SAB/;Ativo;-
5107;S5 - SUP IVONE II;305;SEX/;TER/;Ativo;Em dia
5111;CONVENIENCIA NAGATA;103;TER/;SEX/;Ativo;Inad
5113;BAR DA RODOVIARIA;108;SEX/;TER/;Ativo;-
5136;VILA AURORA BAR E BU;201;SEX/;TER/;Ativo;Em dia
5144;CASA CARNE SAO LUCAS;105;QUI/;SEG/;Ativo;Em dia
5149;REST RANCHO NOVO;102;TER/;DOM/;Ativo;-
5180;MINIMERCADO THIAGO;304;TER/;SEX/;Ativo;-
5186;BAR DO RAFINHA;104;SAB/;QUA/;Ativo;Em dia
5189;PESQUEIRO AVENIDA;103;QUI/;SEG/;Ativo;Em dia
5225;S5 - BAR DO LACURY;110;QUA/;SAB/;Ativo;Em dia
5229;BRAZILIAN GOURMET;303;TER/;SEX/;Ativo;Em dia
5239;MERC ROMANO MARTINS;303;TER/;SEX/;Ativo;Em dia
5294;FESTA 1000;105;TER/;SEX/;Ativo;-
5307;BRUZADIN SALGADOS;107;SEX/;TER/;Ativo;-
5310;S5 -LANCHONETE ARENA;110;QUA/;SAB/;Ativo;Em dia
5328;ANDORINHAS LANCHES;202;QUI/;SEG/;Ativo;-
5338;MERCADO REZENDE;304;QUI/;SEG/;Ativo;Em dia
5340;BAR DA MARISA;110;SEX/;TER/;Ativo;-
5356;BAR DO ERALDO;104;QUI/;SEG/;Ativo;Em dia
5382;BAR GERALDO;102;SEG/;SEG/;Ativo;-
5387;BAR DO MANHOSO;108;SAB/;SAB/;Ativo;-
5392;MERCEARIA NOVA JACI;106;SEX/;TER/;Ativo;-
5415;MERCEARIA DO BALU;108;QUA/;SAB/;Ativo;Em dia
5444;CASA DE CARNE ADOLFO;104;QUI/;SEG/;Ativo;Em dia
5455;SUPER FLEURY;304;QUA/;SAB/;Ativo;Em dia
5457;MERC DA TEREZA;309;SEX/;TER/;Ativo;-
5460;CASA CARNES E PAN CA;103;SEG/;QUI/;Ativo;-
5461;PE DE FRANGO;202;SEG/;SEG/;Ativo;Em dia
5462;SACOLAO BOM PRECO;104;SEX/;TER/;Ativo;-
5470;BAR FORTALEZA;108;QUA/;DOM/;Ativo;Em dia
5488;BAR DOS AMIGOSS;108;SEX/;TER/;Ativo;-
5503;BAR SANTA EDVIRGES;102;SEX/;SEX/;Bloqueado;-
5507;BLUE JASMIM;205;SEG/;QUI/;Ativo;Em dia
5519;REST. DO ITALIANO;103;QUI/;DOM/;Ativo;-
5529;PADARIA BALSAMO;106;SEG/;QUI/;Ativo;Inad
5573;SUAVE SABOR;104;QUI/;QUI/;Ativo;Em dia
5575;POSTO ANDORINNHA;309;SAB/;QUA/;Ativo;-
5589;HOTEL RESORT DA ILHA;104;QUI/;SEG/;Ativo;-
5614;MERCEARIA SHIRLEY;304;QUA/;SAB/;Ativo;Em dia
5636;AUTO POSTO GURI;301;TER/;SEX/;Ativo;-
5651;PC SERV FESTA;306;QUA/;SAB/;Ativo;Em dia
5658;LIGUE LEVE II;306;SAB/;QUA/;Ativo;Em dia
5668;P NARANJAO CID NORTE;111;SEX/;TER/;Ativo;Em dia
5671;MAGAZINE MAIS VC;101;SEG/;DOM/;Ativo;Inad
5675;SERV FESTA DO GRILLO;308;SEX/;TER/;Ativo;-
5687;RECANTO DO GAIOTO;106;QUI/;SEG/;Ativo;Em dia
5689;ADEGA DA SHIRLEY;308;SAB/;QUA/;Ativo;Em dia
5693;REST DOS PESCADORES;104;TER/;TER/;Ativo;-
5701;S5 - PORECATU POTIRE;305;QUA/;SAB/;Ativo;Em dia
5706;BAR DO MARCINHO;104;SEX/;TER/;Ativo;-
5712;AVENIDA FRANGOS;110;QUA/;QUA/;Ativo;Em dia
5718;MERCEARIA GOMES;105;QUA/;DOM/;Ativo;Em dia
5721;ROTISS. DA SOGRA II;111;QUA/;QUA/;Ativo;-
5722;BAR D PORTUGUES;205;TER/;SEG/QUA/SEX/;Ativo;Em dia
5746;SEDUCAO SORVETES;107;SEX/;TER/;Ativo;-
5751;BAR E MERC. VITORIA;204;SEG/;SEG/;Ativo;-
5761;MERCEARIA VILA ITALI;110;QUA/;SAB/;Ativo;Em dia
5764;FILETTO ALIMENTOS;105;SEX/;TER/;Ativo;-
5771;SERV FESTA BIG BEER;308;SEG/;QUI/;Ativo;Em dia
5776;PAD. DO OSCARZINHO;111;QUA/;SAB/;Ativo;Em dia
5793;CASA DE CARNES CRUZ;111;QUA/;SAB/;Ativo;-
5811;PESQUERIO JURUPEBA;108;QUA/;DOM/;Ativo;-
5813;BAR DO ELCIO;105;SAB/;QUA/;Ativo;-
5828;SABORES DA ROCA;112;SEG/;DOM/;Ativo;-
5832;CANTINA EIRILAR;106;QUA/;QUA/;Ativo;-
5849;SERV FESTA ZERO GRAU;307;SEG/;QUI/;Ativo;Em dia
5861;FESTAS E FESTAS 3 L;304;SEG/;QUI/;Ativo;Em dia
5873;REST. PRAIA DO TORRE;104;QUI/;SEG/;Ativo;-
5892;S5 - CABRAL ESPETOS;201;QUA/;SAB/;Ativo;Em dia
5893;LOJA CONV, MARDAN;102;SEG/;SEG/;Ativo;-
5911;MERCADO SANTA LUZIA;108;SAB/;QUA/;Ativo;Em dia
5915;BAR JAPONES;106;SAB/;DOM/;Ativo;-
5917;S5 - BAR 3 IRMAOS;104;QUA/;SAB/;Ativo;Em dia
5920;REST MARIA CRIPPA;106;SEX/;DOM/;Ativo;-
5921;S5 - SALIM CHOP E PE;102;QUA/;QUA/;Ativo;Em dia
5934;SUPERMERCADO SOUZA;301;SEG/;QUI/;Ativo;Em dia
5948;BAR DO FOGUINHO;109;SEX/;TER/;Ativo;Em dia
5952;CONV AUTO POSTO CATA;103;TER/;TER/;Ativo;-
5966;BAR PINGO MEL;108;SEX/;TER/;Ativo;-
5968;SACOI II;301;SEG/;QUI/;Ativo;-
5973;POSTO VISTA ALEGRE;309;SAB/;QUA/;Ativo;Em dia
5979;STOK FRIOS;203;QUA/;DOM/;Ativo;-
5981;POSTO BEIRA RIO;303;QUA/;SAB/;Ativo;Em dia
5982;SERV FESTA TORAO;307;SEX/;TER/;Ativo;-
5985;C CARNES MARTUCCI;106;SEG/;QUI/;Ativo;Em dia
5994;BAR DO DANIEL;109;QUA/;SAB/;Ativo;Em dia
5996;LANCHES IPIGUA;112;TER/;TER/;Ativo;-
6000;MINI MERC OLIVEIRA;302;SAB/;QUA/;Ativo;Em dia
6024;SUPERM. BOA VISTA;103;SAB/;SAB/;Ativo;-
6040;OLE BR FUT. SOCIETY;202;QUI/;SEG/;Ativo;Inad
6045;S5 - A HORA DO ESPET;201;QUA/;SAB/;Ativo;Em dia
6063;S5 - LONDON PUB 567;207;SEG/;QUI/;Ativo;Inad
6084;S F C K SABE;306;TER/;SEX/;Ativo;Em dia
6099;S5 - PESQ. TO DE BOA;205;QUI/;SEG/;Ativo;Em dia
6101;BAR SANTA HORA;106;SEX/;SEX/;Ativo;-
6110;BAR DO COWBOY;108;QUA/;QUA/;Ativo;Em dia
6115;S5 - VALU LANCHONETE;201;QUI/;TER/;Ativo;-
6133;S5 - JOAREZ PASTEL;201;QUI/;QUI/;Ativo;-
6141;S5 - TRIDICO PARQUE;305;QUA/;SAB/;Ativo;Em dia
6157;DALVA SALGADOS;101;SEX/;TER/;Ativo;-
6167;PETISC. AGUA NA BOCA;102;SEG/;SEG/;Ativo;-
6186;BAOBA POUSADA;104;QUI/;SEG/;Ativo;Em dia
6205;BAR DA FILO;101;QUI/;SEG/;Ativo;-
6212;SUPERMERCADO FARTURA;301;QUA/;SAB/;Ativo;Em dia
6220;MINI MERC FLAMBOYANT;302;TER/;SEX/;Ativo;Em dia
6221;SUP NASCIMENTO IV;303;SEG/;QUI/;Ativo;Em dia
6231;BAR CARLINHOS;107;TER/;SEX/;Ativo;-
6233;C. CARNES STO ANTONI;107;SEX/;TER/;Ativo;-
6249;M. DUAS IRMAS MILANI;106;SEG/;QUI/;Ativo;-
6300;COPAIOL PANIFICADORA;102;SEG/;QUI/;Ativo;Em dia
6301;CASA C. ALVORADA;301;SEX/;TER/;Ativo;Em dia
6334;BRASILIA CONVENIENCI;301;TER/;SEX/;Ativo;Em dia
6335;FIGUEIRA LANCHES;202;TER/;SEX/;Ativo;Em dia
6349;SUP SAO PEDRO;309;QUA/;SAB/;Ativo;Inad
6384;CONV LARANJ MEND;301;SEX/;TER/;Ativo;Em dia
6388;BAR CANOVA;204;SEX/;SEX/;Ativo;-
6392;LANCHONETE ANA;202;SEX/;TER/;Ativo;Em dia
6393;BELA LUTI PIZZARIA;202;SEG/;QUI/;Ativo;-
6401;FORTALEZA AUTO POSTO;108;SAB/;QUA/;Ativo;Em dia
6403;PADARIA PANIX;205;QUI/;SEG/;Ativo;Em dia
6459;PICANHA NO PONTO;105;SEX/;TER/;Ativo;-
6464;PIT STOP ZANI;301;SAB/;QUA/;Ativo;Em dia
6467;JIN JIN IGUATEMI;205;SEG/;QUI/;Ativo;Em dia
6475;IPE CENTER HOTEL;205;TER/;SEX/;Ativo;-
6484;LOCA FEST;111;QUI/;DOM/;Ativo;Em dia
6485;BK - FILIAL IGUATEMI;205;SEG/;SEG/;Ativo;-
6488;MONTANA GRILL EXPRES;205;SEG/;QUI/;Ativo;Em dia
6510;MELISSA;205;SEG/;SEG/;Ativo;-
6512;ESTANCIA JABURU;102;SEG/;SEG/;Ativo;-
6513;ESQUINA DA PICANHA;207;SEG/;QUI/;Ativo;Em dia
6525;REST. OUTBACK;205;SEG/;QUI/;Ativo;Em dia
6529;MINIMERC DUTRA;107;SAB/;DOM/;Ativo;-
6540;BAR S. F. SERV BEM;308;QUA/;SAB/;Ativo;Em dia
6541;BAR PATRAO;106;SEG/;QUI/;Ativo;-
6548;SERV MAIS;303;SAB/;QUA/;Ativo;Em dia
6574;MER. PEIXOTO VOLPE;101;TER/;DOM/;Ativo;-
6580;POSTO ARROYO;304;SAB/;QUA/;Ativo;Em dia
6583;BAR N SRA APARECIDA;106;SEG/;QUI/;Ativo;-
6592;LANCHONETE METROPOLE;203;SEX/;DOM/;Ativo;Em dia
6596;FLAVIO S BAR;106;SAB/;QUA/;Ativo;Em dia
6604;HOME BEEF SHOP;205;TER/;SEX/;Ativo;-
6606;PESQUEIRO BONS VENTO;108;SEX/;DOM/;Ativo;-
6608;RESTAURANTE DA TIA;104;TER/;DOM/;Ativo;-
6612;S5 - CASSIN BAR;109;TER/;SEX/;Ativo;-
6617;OBA OBA;201;QUI/;QUI/;Ativo;-
6639;S5 - BIROCAS BAR;204;SEX/;TER/;Ativo;Em dia
6641;BAR E MERC. RAFINHA;101;SEX/;TER/;Ativo;Em dia
6646;PIZZARIA DONNA OLIVA;205;TER/;SEX/;Ativo;Em dia
6647;AUTO POSTO EDUARDO;309;TER/;SEX/;Ativo;-
6649;ESPETARIA TODODIA;201;SEG/;QUI/;Ativo;Em dia
6663;FOLAS BAR;101;QUA/;SAB/;Ativo;Em dia
6665;THEO BAR RODOV;108;QUI/;SEG/;Ativo;Em dia
6667;S F LA BOMBONEIRA;309;SEG/;QUI/;Ativo;-
6674;S5 - PROENCA TANABI;305;SEX/;TER/;Ativo;Em dia
6687;SABA ESFIHARIA;201;QUI/;QUI/;Ativo;-
6701;SERV FESTA CONQUISTA;307;SEX/;TER/;Ativo;-
6703;BAR MERC 3 IRMAS;103;SEG/;QUI/;Ativo;-
6713;SERV FESTAS DO ANDRE;306;SEX/;TER/;Ativo;-
6720;BAR DO LIMAO;102;QUA/;DOM/;Ativo;Em dia
6742;MERCEARIA ESPERANCA;109;QUI/;DOM/;Ativo;-
6747;EMPORIO POPULAR;101;SAB/;DOM/;Ativo;-
6750;BAR E EMPORIO AKAMIN;108;TER/;DOM/;Ativo;-
6757;MINI MERCADO YPE;106;SAB/;QUA/;Ativo;-
6761;DELICIA DO TRIGO;102;SEX/;SEX/;Ativo;-
6770;QUITANDA DO OLAVO;108;QUA/;QUA/;Ativo;-
6780;BAR E MERCEARIA MARA;103;TER/;DOM/;Ativo;-
6792;SUPERMERCADO FAVORIT;304;TER/;SEX/;Ativo;-
6794;BAR E LANCH DA BOCHA;109;SAB/;QUA/;Ativo;Em dia
6801;S5 -BAR DO MARCIO;204;QUI/;SEG/;Ativo;Em dia
6802;EMP. SANTA THEREZINH;205;SEG/;QUI/;Ativo;Em dia
6820;RESTAURANTE 99;107;TER/;TER/;Ativo;Em dia
6837;RESTUARANTE DITO;106;SEG/;SEG/;Ativo;-
6850;MERC BOM SUCESSO;111;QUI/;SEG/;Ativo;-
6851;S5 - EL TORO;205;QUA/;SAB/;Ativo;Inad
6859;SERV FESTA DOCE;110;TER/;SEX/;Ativo;-
6867;EMPORIO DO SALGADO;108;SEX/;TER/;Ativo;-
6870;BAR DO DIVANEI;106;TER/;TER/;Ativo;-
6871;BAR DO BIGODE;109;TER/;SEX/;Ativo;-
6883;S5 - J J JOSINA;303;TER/;SEX/;Ativo;Em dia
6888;AUTO POSTO VIA TREVO;307;QUI/;SEG/;Ativo;Em dia
6894;MIRIANA LANCHES;109;QUA/;SAB/;Ativo;Em dia
6901;BAR DO MALONE;106;TER/;SEX/;Ativo;-
6905;REST SINIBALDI;107;QUI/;SEG/;Ativo;Em dia
6915;BAR RESTAURANTE;203;QUA/;SAB/;Ativo;Em dia
6931;BAR DA GLORIA;111;SEX/;TER/;Ativo;Em dia
6935;PANIF TRASCASTRO;104;QUI/;SEG/;Ativo;Em dia
6944;BAR DO ADAO;102;SAB/;QUA/;Ativo;Em dia
6951;CONVENIENCIA AVENIDA;104;TER/;SEX/;Ativo;Em dia
6953;SUP BUISSA II;302;SEG/;QUI/;Ativo;-
6970;S5 - PANIF VALE SOL;204;QUI/;SEG/;Ativo;Inad
6977;PUB DE IBIRA;102;QUA/;SAB/;Ativo;Em dia
6984;PIMENTINHA LANCHES;202;SEX/;TER/;Ativo;-
6991;SUPERMERCADO PEREIRA;301;QUI/;SEG/;Ativo;Em dia
6992;MERCEARIA DO LIO;302;SEG/;QUI/;Ativo;Em dia
6997;BAR TRICOLOR;112;TER/;SEX/;Ativo;Em dia
7006;DIVINO FOGAO PLAZA;205;SAB/;QUA/;Ativo;Em dia
7022;SERV FESTA ARCO IRIS;307;QUA/;SAB/;Ativo;Em dia
7044;BAR DA MALHA;107;SAB/;QUA/;Ativo;-
7045;MERC SOL NASCENTE;302;TER/;SEX/;Ativo;Em dia
7060;MERCEARIA 2 IRMAOS;309;QUI/;SEG/;Ativo;-
7064;BAR SERAFIM;201;SEX/;QUI/;Ativo;-
7068;SO FACIL;309;SEX/;TER/;Ativo;-
7074;CAFETERIA MASSA;104;SAB/;QUA/;Ativo;-
7077;LAGOS CONVENIENCIA;303;SEG/;QUI/;Ativo;-
7088;HARUSHI ORIENTAL;201;SEX/;TER/;Ativo;Em dia
7112;BORGES LOCACOES;309;QUI/;SEG/;Ativo;Em dia
7128;REST LANCHONETE CHEN;207;TER/;SEX/;Ativo;-
7133;FAMILIA SOFIA;111;TER/;SEX/;Bloqueado;-
7147;ASSOC. RENASCER II;203;QUI/;SEG/;Ativo;-
7164;PLAZZA SERV FESTA;109;QUI/;SEG/;Ativo;-
7187;SPAGUETO PLAZA;205;SAB/;QUA/;Ativo;-
7188;DALVA SALGADOS II;205;SAB/;SAB/;Ativo;-
7205;BAR MACHADO;102;SEG/;SEG/;Ativo;-
7207;LANCH. POTI;102;TER/;TER/;Ativo;-
7210;SERV FESTA AVENIDA;308;SEX/;TER/;Ativo;-
7214;NAGOYA;201;TER/;SEX/;Ativo;Inad
7215;AUTO POSTO PETROM;302;SEX/;TER/;Ativo;Em dia
7225;BAR DO ANTONIO;108;QUI/;SEG/;Ativo;Em dia
7289;QUITANDA SAO JOSE;108;SEG/;SEG/;Ativo;-
7297;S5 - SERV SOL II;302;QUA/;SAB/;Ativo;Em dia
7312;SERV FES DO BAIANO;112;TER/;SEX/;Ativo;-
7316;BAR DO TONHO;106;QUI/;SEG/;Ativo;Em dia
7323;TERRA DE GOIAS;205;QUA/;SAB/;Ativo;Em dia
7329;BAR DO GOULART;108;TER/;SEX/;Ativo;Em dia
7331;SFESTA CABECA QSUSTO;307;SEG/;QUI/;Ativo;Em dia
7338;PADARIA ALIANCA;111;TER/;TER/;Ativo;Inad
7340;POSTO SANTA MARIA;103;QUA/;QUA/;Ativo;-
7344;CAFE MATUTO;205;SEG/;QUI/;Ativo;-
7350;JOAOZINHO FESTAS;308;SAB/;QUA/;Ativo;-
7356;ZERO GRAU;309;TER/;SEX/;Ativo;-
7364;CONV AUTO NATURE;304;SAB/;QUA/;Ativo;Em dia
7366;MINI MERCADO BIZMAR;301;SEX/;TER/;Ativo;-
7374;DIVINOS BAR;204;SAB/;QUA/;Ativo;-
7377;ATELIE PETISCOS;104;SEX/;TER/;Ativo;-
7401;IRMAOS BASSO;108;QUI/;SEG/;Ativo;Em dia
7402;JOVIANA SALGADOS 2;203;SEX/;TER/;Ativo;-
7417;BUTECO D CARLAO;102;TER/;SEX/;Ativo;Em dia
7451;S5 - BAR DO PELEJA;102;QUA/;SAB/;Ativo;-
7525;QUALITY SABOR;203;SAB/;SAB/;Ativo;-
7528;MERCEARIA DO BACANA;106;TER/;DOM/;Ativo;-
7532;CASA DE PESCA II;108;QUI/;DOM/;Ativo;Em dia
7538;FRESH DRINK;309;QUI/;SEG/;Ativo;Inad
7542;NN LANCHONETE;110;SAB/;DOM/;Ativo;-
7543;LA CASA DOS ASSADOS;108;SEG/;DOM/;Ativo;-
7547;BUTECO MEU PEIXE;107;QUI/;DOM/;Ativo;Em dia
7551;SONHO DA MANHA;101;QUA/;QUA/;Ativo;-
7552;DEL GRANO;205;QUA/;SAB/;Ativo;Em dia
7555;JC SUPERMERCADO;304;SEG/;QUI/;Ativo;Em dia
7556;CHEF MARCOS PEREIRA;202;SEG/;DOM/;Ativo;-
7558;ALMIRANTE MINIMERCA;105;TER/;DOM/;Ativo;Em dia
7559;LIS BRASIL PAN;104;SAB/;DOM/;Ativo;-
7568;OKEO MINIMERC;107;SAB/;SAB/;Ativo;-
7570;ICE FEST;101;SAB/;SAB/;Ativo;-
7571;SF GELA GUELA;309;QUI/;SEG/;Ativo;Em dia
7573;PASTELARIA VITORIA;202;QUA/;QUA/;Ativo;Inad
7579;TJ BEBIDAS;308;QUA/;SAB/;Ativo;Em dia
7584;ACAI TROPICAL;106;SEX/;DOM/;Ativo;-
7589;CASA DO ESPETO II;202;QUI/;QUI/;Ativo;-
7594;SERV FESTA V6;110;SEX/;TER/;Ativo;-
7603;ISTOK AKADIA;203;SEG/;QUI/;Ativo;Inad
7609;24 HORAS MENDONCA;309;TER/;SEX/;Ativo;-
7611;MERCEARIA SANTA ROSA;108;QUI/;DOM/;Ativo;Em dia
7612;ESPETO FILO;201;QUA/;DOM/;Ativo;-
7617;BM MARKET;110;SEG/;SEG/;Ativo;-
7619;SERV FESTA DA PATROA;109;SEG/;QUI/;Ativo;Em dia
7621;BAR DO DELEI;110;SEG/;SEG/;Ativo;-
7622;ESTACAO DO SUCO;101;QUA/;DOM/;Ativo;-
7625;REI DOS LANCHES;202;SEX/;DOM/;Ativo;-
7629;RODRIGUES CORTES;204;QUA/;DOM/;Ativo;-
7630;MERCEARIA SANTA ANA;112;SEG/;DOM/;Ativo;-
7632;PADARIA E CONFEITARI;109;QUA/;QUA/;Ativo;-
7636;OS FAROFEIROS;108;SEX/;SEX/;Ativo;-
7640;A3C SILVA;105;SAB/;DOM/;Ativo;-
7642;S F DO CHEFINHO;112;SAB/;DOM/;Ativo;-
7658;MERC PONTO CERTO;105;SEG/;DOM/;Ativo;-
7661;BAR DO DINEI;204;SEX/;DOM/;Ativo;-
7662;S F REVOADA II;309;SAB/;QUA/;Ativo;Em dia
7664;FIDELIS;108;QUI/;DOM/;Ativo;Em dia
7677;CS DE CARNES BOM BOI;105;QUA/;DOM/;Ativo;Em dia
7691;BALUBE HOME MARKET R;109;SAB/;QUA/;Ativo;-
7692;CANTINHO DA PRETA;112;SAB/;SAB/;Ativo;-
7704;SUP SANTA CLARA;112;QUA/;QUA/;Ativo;Em dia
7708;BAR E ESPETARIA DO B;106;QUA/;;Ativo;Em dia
7717;SERV FESTA RM;111;SAB/;QUA/;Ativo;-
7719;FAST4YOU;109;QUI/;QUI/;Ativo;Em dia
7721;JOKAZA DA ECONOMIA;106;SAB/;DOM/;Ativo;-
7725;FARMACIA DO CAIO;103;TER/;TER/;Ativo;-
7727;EDSON BORGES;112;SEX/;SEX/;Bloqueado;-
7736;SETTE SUPERMERCADO;107;SEG/;DOM/;Ativo;-
7740;UAU CHICKEN;201;QUA/;DOM/;Ativo;Em dia
7742;DRI DOCES;108;SEX/;DOM/;Ativo;-
7747;LUCAS PEREIRA;103;SAB/;SAB/;Ativo;-
7752;PASTELARIA IMPERIO;202;QUI/;QUI/;Ativo;-
7753;ESSENCIA DO CORTE;108;SEX/;DOM/;Ativo;-
7764;SAO CRISTOVAO MERC;106;SAB/;QUA/;Ativo;Em dia
7767;DELICIAS DO DE;109;QUA/;QUA/;Ativo;-
7770;SERV FESTA CAMPAO;109;TER/;DOM/;Ativo;-
7771;BAR DO LANCA;106;QUI/;DOM/;Ativo;-
7791;1001 UTILIDADES;101;SEG/;DOM/;Ativo;-
7800;BOX BEBIDAS;110;SEG/;DOM/;Ativo;Inad
7803;ADEGA 017;204;QUA/;DOM/;Ativo;Em dia
7804;PEREZ CONVENIENCIA;102;SAB/;DOM/;Ativo;-
7806;GRAN BEACH;108;QUI/;DOM/;Ativo;-
7808;SERV FESTA ZONA SUL;201;SEG/;QUI/;Ativo;-
7812;REST BOM A BESSA;112;SEG/;SEG/;Ativo;-
7819;BAR AMORIM;103;SAB/;QUA/;Ativo;-
7823;VAPT VUPT;111;SEX/;DOM/;Ativo;-
7832;ATACADO DOS DOCES;106;QUI/;QUI/;Ativo;-
7835;ISTOK BISELLI;111;SEX/;DOM/;Ativo;-
7841;SANTA GARRAFA;104;SAB/;QUA/;Ativo;-
7845;PEG PAG EMPORIO;112;SEX/;DOM/;Ativo;-
7846;BAR OLAISIA;110;TER/;DOM/;Ativo;-
7863;PIZZAS DA LU;102;QUI/;DOM/;Ativo;Em dia
7866;PERSONAL SANTI;203;QUI/;QUI/;Ativo;-
7872;TO EM REUNIAO;101;TER/;SEX/;Ativo;Em dia
7876;SERV FESTA LS;111;QUA/;DOM/;Ativo;-
7882;DEP DO RATINHO;204;SEG/;QUI/;Ativo;Inad
7885;REAL MIX UTILIDADES;104;TER/;DOM/;Ativo;-
7888;PASTELICIA GUAPIACU;109;QUA/;DOM/;Ativo;-
7889;D TUDO;106;SEX/;DOM/;Ativo;-
7901;SETE COPAS S F;111;SAB/;QUA/;Ativo;-
7903;FLAVIO HENRIQUE;108;TER/;TER/;Bloqueado;-
7906;BAR DA VAL;102;SAB/;DOM/;Ativo;-
7907;CS DE CARNES NAVARRO;106;TER/;DOM/;Ativo;-
7908;ACAI GELATOS 3 K;107;QUA/;DOM/;Ativo;-
7912;SERV FESTA BRASIL;308;SEX/;TER/;Ativo;Em dia
7917;S F MIRASSOLANDIA;111;QUA/;DOM/;Ativo;-
7922;HOT DOG N;106;TER/;DOM/;Ativo;-
7923;CLUBE DE TIRO DJANGO;107;QUI/;DOM/;Ativo;Em dia
7929;BAR DO ITA;111;TER/;DOM/;Ativo;-
7931;SERV FESTA BOA SORTE;204;SEG/;QUI/;Ativo;Em dia
7934;ESQUINA DA CARNE;112;SAB/;QUA/;Ativo;-
7939;BAREZIA;109;QUA/;DOM/;Ativo;Em dia
7943;ICE CREAMY PLAZA;205;SAB/;SAB/;Ativo;-
7952;VAREJAO DA ECONOMIA;103;SEX/;SEX/;Ativo;-
7953;MERC MENOS IMPACTO;105;TER/;DOM/;Ativo;-
7954;ARROZ COM FEIJAO;207;QUI/;SEG/;Ativo;Em dia
7955;POINT EXPRESS;107;QUA/;DOM/;Ativo;-
7959;CHURRAS BATISTELLA;204;TER/;DOM/;Ativo;-
7965;SERV FESTA BOIADEIRO;106;SAB/;QUA/;Ativo;Em dia
7966;THE WEEK;205;SEG/;SEG/;Ativo;-
7973;MINIMERCADO FORESTO;108;TER/;DOM/;Ativo;-
7980;ITALIA NO BOX BADY;201;TER/;DOM/;Ativo;-
7983;MAGUMAXX;108;QUI/;QUI/;Ativo;-
7985;CHOPP PALAZZO;101;TER/;TER/;Ativo;-
7986;MERC ADEGA PRIME;112;QUI/;DOM/;Ativo;-
7988;SERV FESTA SAO JOSE;204;SEG/;DOM/;Ativo;-
7994;PITICA DOCES;112;TER/;DOM/;Ativo;Em dia
7999;RESTAURANTE SARUE;203;QUA/;DOM/;Ativo;-
8012;PANIF NSS SRA FATIMA;111;SEX/;DOM/;Ativo;-
8014;JEAN ESPETO;104;TER/;DOM/;Ativo;-
8015;ISTOK RIO RENO;111;SEX/;DOM/;Ativo;-
8016;LILIAN MAIA CAKES;205;SAB/;QUA/;Ativo;-
8018;ACAI MIX;111;QUA/;DOM/;Ativo;-
8019;BELLO S BEEF;110;QUI/;QUI/;Ativo;-
8024;LH DISTRIBUIDORA;105;TER/;DOM/;Ativo;-
8029;S F ESQUINAO;112;SEX/;TER/;Ativo;-
8036;BAR ADRIANA;112;QUA/;QUA/;Ativo;-
8039;MAIS REAL;112;QUA/;QUA/;Ativo;-
8048;RAGLIO MINI MERCADO;105;TER/;DOM/;Ativo;-
8051;BEBIDAS SOUZA;201;SEG/;DOM/;Ativo;-
8055;MARIALVA SERVFESTA;110;TER/;DOM/;Ativo;Inad
8056;CAPITAO BEBIDAS;203;SEG/;DOM/;Ativo;Inad
8057;LANAMA CAFETERIA;108;SEX/;DOM/;Ativo;-
8058;POPDRINK SERV FESTA;203;SEG/;DOM/;Ativo;-
8059;SERV F MONSTRINHO;204;SEX/;DOM/;Ativo;-
8062;MERC. ALEGRIA;101;SEX/;SEX/;Ativo;-
8063;SERV FESTA DO JAPA;112;QUI/;DOM/;Ativo;Em dia
8065;TRIA CAFE;203;QUA/;DOM/;Ativo;-
8070;BAR DO MAICON;103;SAB/;SAB/;Ativo;-
8076;ADEGA MADRUGADAS ON;111;SEX/;DOM/;Ativo;-
8081;BEER HOUSE;109;TER/;DOM/;Ativo;Inad
8083;ISTOK MEET;203;SEG/;DOM/;Ativo;-
8085;MOJUBAR;203;QUA/;DOM/;Ativo;-
8087;EFROI SERV FESTA;106;QUI/;QUI/;Ativo;Em dia
8088;ROTA 81 ROCKIN GRILL;201;SEX/;SEX/;Ativo;-
8090;LUAR MICRO MARKET;112;SEX/;DOM/;Ativo;-
8094;CASA E CAFE;203;QUA/;QUA/;Ativo;-
8105;SUSHI.U;201;QUA/;SAB/;Ativo;-
8106;CT LOKOMOTIVE II;110;QUA/;DOM/;Ativo;-
8107;100 MISERIA;110;SEG/;DOM/;Ativo;-
8110;SERV FESTA ANDRIGO;107;SAB/;DOM/;Ativo;-
8113;BAR DO MESSIAS II;107;QUI/;DOM/;Ativo;-
8125;XAMAS BURGUER;107;QUA/;DOM/;Bloqueado;-
8127;PESQUEIRO DO CASCAO;103;QUA/;DOM/;Ativo;-
8133;RIO CARNES;203;QUA/;DOM/;Ativo;Em dia
8137;LUIZ HENRIQUE;102;SEX/;SEX/;Ativo;Inad
8141;DONA FOME LTDA;204;SEX/;DOM/;Ativo;-
8145;S F DAS AMIGAS;111;TER/;TER/;Ativo;-
8147;BREAK OFFICE;107;SAB/;SAB/;Ativo;-
8149;CREPEFY OH MY CREAMY;201;TER/;DOM/;Ativo;-
8153;CC REI DO GADO;110;QUA/;DOM/;Ativo;-
8156;ANTONIO L LUCIO;108;SAB/;SAB/;Bloqueado;-
8160;DROG SAO RAFAEL;110;SEX/;DOM/;Ativo;-
8162;SACOLAO JC;111;SEX/;DOM/;Ativo;-
8163;DROGA VIDA;111;QUI/;DOM/;Ativo;-
8167;BOUTROS E BIROLINI D;111;TER/;DOM/;Ativo;-
8169;DROGARIA FARMA VIDA;105;SEG/;DOM/;Ativo;-
8171;DROGARIA PAULISTA;109;SEG/;DOM/;Ativo;-
8172;DEO FARMA;108;QUI/;DOM/;Ativo;-
8175;MARCOS YUKIO WATANAB;105;QUI/;DOM/;Ativo;-
8179;ARMAZEM KGBR FOODS;111;QUA/;DOM/;Ativo;-
8182;GABRIELA SANTANA;203;SEX/;DOM/;Ativo;-
8187;DROGARIA SAUNI;110;TER/;DOM/;Ativo;-
8193;DROGARIA MIRASSOLAND;111;QUA/;DOM/;Ativo;-
8194;J H C DROGARIAS LTDA;105;TER/;DOM/;Ativo;-
8196;DROGARIA BETEL;112;TER/;TER/;Ativo;-
8198;LUCAS PHARMA DROGARI;110;SEX/;DOM/;Ativo;-
8199;AUTO POSTO QUALITY;103;QUI/;DOM/;Ativo;-
8201;DROGARIA FARMA VIDA;106;SAB/;DOM/;Ativo;-
8202;ELIAS FERREIRA DROGA;107;TER/;TER/;Ativo;-
8204;ART PAO PANIFIC E CO;112;QUA/;QUA/;Ativo;Em dia
8205;FRITZ CABELEIREIROS;105;SEG/;DOM/;Bloqueado;-
8206;WILSON A PERISSINI E;105;QUI/;DOM/;Ativo;-
8208;DROGARIA COLINA SUL;107;SAB/;DOM/;Ativo;-
8211;LEMES DROGARIA RIO P;111;SAB/;DOM/;Ativo;-
8212;FARMACIA SOLLER RIO;109;QUI/;DOM/;Ativo;-
8213;VILLA PAES;105;SEX/;DOM/;Ativo;-
8215;EDGAR JOSE;103;SAB/;DOM/;Bloqueado;-
8216;MERC PRIMEIRO PONTO;108;QUA/;DOM/;Ativo;-
8221;49 270 665 BRUNO VIT;101;SAB/;DOM/;Ativo;-
8222;STOP AUTO POSTO;103;TER/;DOM/;Ativo;-
8224;GIOVANA BRAGA;105;TER/;DOM/;Ativo;-
8227;FARMACIA ECONOMIZE;109;SEX/;DOM/;Ativo;-
8228;MERCEARIA LIBRALAO;108;TER/;DOM/;Ativo;-
8233;CASA DE CARNES MADUA;110;TER/;DOM/;Ativo;-
8234;IRACILDA STORTI;107;SAB/;DOM/;Ativo;-
8237;BEER MANIA COMERCIO;203;QUI/;DOM/;Ativo;-
8238;COMERCIAL NUNES;108;TER/;TER/;Ativo;Inad
8239;FARMACIA AVENIDA;105;SAB/;DOM/;Ativo;-
8248;BASMAR COMERCIO;111;SAB/;DOM/;Ativo;-
8253;REI DO REAL BADY BAS;107;SAB/;DOM/;Ativo;-
8256;POSTO GAZOLI DE GUAP;109;SEX/;DOM/;Ativo;-
8258;TEODORO DISTRIBUIDOR;204;SAB/;DOM/;Ativo;-
8260;VIDA E CAFE;203;QUI/;DOM/;Ativo;-
8261;34 838 972 SARA MONI;112;QUA/;DOM/;Ativo;-
8266;CS DE CARNE PINHEIRO;108;SEX/;DOM/;Ativo;-
8267;MERCEARIA SANTA TERE;108;SEX/;SEX/;Ativo;-
8272;ACAITERIA DAMARES;111;SEG/;DOM/;Ativo;-
8274;QUITANDA DA ALDENIRA;112;SEX/;;Ativo;-
8279;PEG LEVE;107;TER/;DOM/;Ativo;-
8280;DROGA NOVA DROGARIA;111;QUI/;QUI/;Ativo;-
8281;PADA E CONF VIT SJ D;111;QUI/;DOM/;Ativo;-
8282;DELICIAS DA CRIS;102;TER/;DOM/;Ativo;-
8284;KOLLER MACHADO COMER;203;SEX/;SEX/;Ativo;-
8287;MAX PAO;105;QUI/;QUI/;Ativo;-
8288;FARMACIA DROGAZE;203;SEG/;DOM/;Ativo;-
8290;MeM DOCES E FESTAS;104;QUI/;DOM/;Ativo;Em dia
8293;ANA JULIA SAES LEAO;108;QUA/;QUA/;Bloqueado;-
8296;RATINHO - NATURE;202;QUI/;QUI/;Ativo;-
8297;SMART MINIMERC;112;SAB/;DOM/;Ativo;-
8299;SERV FESTA WF;111;SAB/;QUA/;Ativo;-
8305;ADEGA CARIOCA;112;SAB/;DOM/;Ativo;-
8306;PONTO E COMPANHIA;202;SEX/;TER/;Ativo;-
8307;ADM QUIOSQUE;109;SEX/;DOM/;Ativo;-
8308;VAPT VUPT;111;TER/;DOM/;Ativo;-
8313;ISTOK ACAPULCO;203;SAB/;DOM/;Ativo;-
8320;PARCOS BURGUER;110;QUA/;DOM/;Ativo;-
8322;PANIF PAO DE OURO;105;SEG/;DOM/;Ativo;-
8326;PESCA E ART;103;QUI/;DOM/;Ativo;Em dia
8331;DR PASTEL;204;QUA/;DOM/;Ativo;-
8333;RM SERV FESTA;111;QUI/;DOM/;Ativo;-
8336;BAR VILA ELDORADO;110;SEG/;DOM/;Ativo;-
8341;VIVER BEM PRODUTOS N;110;QUI/;DOM/;Ativo;-
8344;DISTRIBUIDORA GERAL;108;SEG/;DOM/;Ativo;-
8345;MISTER HAPPY BAR;201;SEX/;DOM/;Ativo;-
8348;ESPETARIA ELIZ REGIN;102;QUI/;DOM/;Bloqueado;-
8353;GAB S BEER;102;SEG/;DOM/;Ativo;Inad
8355;BAR DA MONIKAT;204;QUA/;DOM/;Ativo;-
8361;ADG INIMIGOS DO FIM;111;SEX/;DOM/;Ativo;-
8362;PATIO 3 SERV FESTA;107;QUI/;DOM/;Ativo;Em dia
8363;POSTO UNI VILLA MADA;112;QUI/;DOM/;Ativo;-
8364;MERCEARIA PONTUAL;204;SEG/;DOM/;Ativo;Em dia
8366;ZAFER SUPERMERCADO;304;SEX/;TER/;Ativo;-
8367;SERV FESTA FARIA;106;TER/;DOM/;Ativo;-
8370;LANCH CAMPOS SALES;105;SEG/;DOM/;Ativo;-
8371;SERV FESTA SAIDERA;106;SEX/;DOM/;Ativo;-
8375;SF MERCEARIA DeL;110;SEX/;TER/;Ativo;-
8376;SR CHICKEN;112;TER/;DOM/;Ativo;-
8377;SERV FESTA MORAIS;111;SEX/;TER/;Ativo;-
8380;3F CONVENIENCIA;304;SEX/;TER/;Ativo;-
8382;IMPERIO DAS BEBIDAS;107;SEG/;DOM/;Ativo;-
8387;LEOZITOS LANCHONETE;203;QUA/;DOM/;Ativo;-
8389;BAR NINO E VEIA;112;TER/;DOM/;Ativo;-
8390;SF E MERC;112;SEX/;DOM/;Ativo;-
8391;MIGUELITO SALGADOS;107;SEG/;DOM/;Ativo;-
8392;DU ACAI E CIA;102;SEG/;DOM/;Ativo;Inad
8393;BOTEKO TO DE BOA;109;SEG/;QUI/;Ativo;Inad
8394;CASA DE CARNE MARROM;104;SEX/;DOM/;Ativo;-
8395;LUANA CRISTINA;103;SAB/;DOM/;Ativo;-
8396;FEROLDI MOTOS;102;SAB/;DOM/;Ativo;-
8397;BOTECO DOS BRUTOS;101;SEX/;DOM/;Ativo;-
8398;IMPERIO JeA SALGADOS;108;SAB/;DOM/;Ativo;-
8400;ADEGA GARAGEM;201;QUA/;DOM/;Ativo;Em dia
8401;CANASTEL;106;SAB/;DOM/;Ativo;-
8402;NINE MERCADO GOMES;111;TER/;DOM/;Ativo;-
8403;GP SERV FESTA;202;SEG/;DOM/;Ativo;-
8405;SMAGA BURGERS;107;SAB/;DOM/;Ativo;-
8409;MINIMERCADO DEZANETT;104;QUI/;SEG/;Ativo;Em dia
8411;SUSHI TUBE;203;QUI/;DOM/;Ativo;-
8412;PADARIA E CAFE SABOR;112;TER/;DOM/;Ativo;-
8413;BAR DO SARGENTO;105;QUA/;DOM/;Ativo;Em dia
8415;SUPER BROS BURGUER;109;QUI/;DOM/;Ativo;-
8420;S F SARAIVA;204;SEX/;DOM/;Ativo;Inad
8425;VILA BELA DOLCE;109;SEG/;DOM/;Ativo;-
8426;ESSENCIA PORTUGUESA;207;SEG/;QUI/;Ativo;-
8427;IRACEMA RESTAURANTE;203;SAB/;DOM/;Ativo;-
8429;S F ZE PADRINHO;109;TER/;DOM/;Ativo;-
8432;EMPORIO BONATO;108;QUA/;DOM/;Ativo;Em dia
8436;ALADIN BEBIDAS;112;QUI/;DOM/;Ativo;Em dia
8442;DUDA CONVENIENCIA;104;SEX/;DOM/;Ativo;Inad
8443;NEGAFRANCESA;112;QUI/;DOM/;Ativo;-
8448;BACANA;111;QUI/;DOM/;Ativo;Em dia
8451;MONTE CARLO IGUATEMI;107;QUA/;DOM/;Ativo;-
8453;HOTEL AGUA DOCE;108;TER/;DOM/;Ativo;-
8455;AVENIDA BAR;103;QUI/;DOM/;Ativo;Em dia
8456;BEMMY FAIR COMERCIO;203;SEX/;DOM/;Ativo;-
8458;JUNIOR CESAR;105;TER/;DOM/;Bloqueado;-
8459;RIACHO DOCE - BADY;107;QUA/;DOM/;Ativo;Em dia
8461;ADEGA DU PP;204;SAB/;QUA/;Ativo;Em dia
8463;ESPETINHO DO ALEMAO;109;SEX/;DOM/;Bloqueado;-
8467;LUCAS RODRIGUES;204;QUA/;DOM/;Bloqueado;-
8468;GRILL PRIME;203;SEG/;DOM/;Ativo;-
8471;LANCHONETE BENETTI;101;QUI/;DOM/;Ativo;Em dia
8472;BOLDRINA EXPRESS LTD;107;QUA/;DOM/;Ativo;-
8473;LUIZ RAGLIO MERCADOS;109;SAB/;DOM/;Ativo;-
8474;SORVETERIA CREMOSO;108;QUI/;;Bloqueado;-
8475;BRAMBILA COM BEBIDAS;107;SEG/;DOM/;Ativo;-
8476;MINI MERC VISTA BELA;110;SAB/;DOM/;Ativo;Em dia
8477;CASA CARNE BORGUESE;110;SEX/;DOM/;Ativo;Inad
8478;SHOPPING DA NUTRI;106;QUI/;DOM/;Ativo;Em dia
8480;BOLDRINA EXPRESS LTD;107;QUA/;DOM/;Ativo;-
8481;BENNYS;110;SEX/;DOM/;Ativo;-
8482;MARCOS GABRIEL PEREI;106;QUI/;DOM/;Ativo;-
8483;ARENO PAES E DOCES;107;SAB/;DOM/;Ativo;Em dia
8484;60717075JOAO PEDRO R;203;SEG/;;Bloqueado;-
8485;MERCEARIA SANTANA;108;SEG/;;Bloqueado;-
8486;MAIS REAL;203;SEX/;DOM/;Ativo;-
8489;OI SERV FESTA;110;QUA/;DOM/;Ativo;-
8490;RIOMEDICA SAUDE E NU;105;QUI/;DOM/;Ativo;-
8491;NORIGO;105;TER/;DOM/;Ativo;-
8493;CONTAINER MERCEARIA;107;TER/;DOM/;Bloqueado;-
8495;PEIXARIA TANABI;106;QUI/;;Bloqueado;-
8499;LANC DA ROSELI;103;TER/;;Bloqueado;-
8500;ELAINE MERCEARIA;203;QUA/;DOM/;Ativo;-
8501;CYBER SPACE;203;SAB/;DOM/;Ativo;-
8502;SEU ISTOK 24HS;105;SEG/;DOM/;Ativo;-
8503;MAIS REAL;111;QUA/;DOM/;Ativo;-
8504;VERDIBOX;204;SAB/;;Ativo;-
8505;NEVES E SENAJOTTO;109;QUI/;DOM/;Ativo;-
8507;COELHO CONVENIENCIA;203;QUI/;DOM/;Ativo;-
8508;TEMPERO E SABOR;102;QUI/;DOM/;Ativo;-
8509;CASA DE CARNES DO BO;107;SAB/;DOM/;Ativo;-
8510;PONTO DO SABOR;112;QUA/;DOM/;Ativo;-
8513;BARDEGA TEXAS;202;QUA/;DOM/;Ativo;Em dia
8514;D E M SIQUEIRA LTDA;112;QUI/;DOM/;Ativo;-
8517;IMPERIO DAS CADEIRAS;109;TER/;DOM/;Ativo;-
8518;EMPORIO DA GULA;203;SAB/;DOM/;Ativo;-
8519;EVERTON NOGUEIRA DOS;111;SAB/;DOM/;Bloqueado;-
8522;SUP AGUA DOCE;108;SEX/;DOM/;Ativo;-
8526;MARILCI ELI;105;SEG/;DOM/;Bloqueado;-
8527;PIZZA RAZZO;203;TER/;DOM/;Ativo;-
8528;CRISTIANO ANDRE;107;TER/;DOM/;Ativo;-
8530;CASA QUINTAL RIO PRE;105;SAB/;DOM/;Ativo;-
8533;SERV FESTA GS;107;SEX/;DOM/;Ativo;-
8535;CS CARNE SAO BERNARD;204;SEX/;DOM/;Ativo;-
8538;JANAINA CRISTINA;110;SAB/;DOM/;Bloqueado;-
8539;JOYCE FERREIRA;105;SEX/;DOM/;Bloqueado;-
8540;GISELE CRISTINA;112;QUI/;DOM/;Bloqueado;-
9978;S5 - CANECAO REPRESA;202;SEX/;TER/;Ativo;-
9985;SUP SERV LAR DIOGO;109;SEX/;SEX/;Ativo;Em dia
10109;S5 - BAR GIGANTE;203;TER/;SEX/;Ativo;-
10164;S5 - BAR MERC DAIANE;101;SEX/;TER/;Ativo;Inad
10990;MERC.MORI;203;QUA/;SAB/;Ativo;Em dia
11022;S5 - BAR CALZETA;203;TER/;SEX/;Ativo;-
11233;MERCADO DO PAULO;103;SEG/;DOM/;Ativo;-
11242;S5 - BAR STRI;205;QUI/;SEG/;Ativo;Em dia
11363;BAR DO RUBINHO;201;SEX/;DOM/;Bloqueado;-
11418;BAR EST DO MAR;101;TER/;SEX/;Ativo;-
11565;CARNEIRINHO;201;SEX/;TER/;Ativo;Em dia
11601;CANTINELLA;207;SEG/;QUI/;Ativo;Em dia
11760;S5 - BAR DO THIAGO;101;SEX/;TER/;Ativo;-
11902;REST JOCKEY CLUB;205;QUI/;SEG/;Ativo;Em dia
11935;MERC SANTOS;301;SEX/;TER/;Ativo;-
12123;CASA DE CARNE GALAN;108;QUA/;QUA/;Ativo;Em dia
12126;SUPERMERC STA MARIA;301;TER/;SEX/;Ativo;Inad
12270;S5 - BAR DO MIGUEL;111;SAB/;DOM/;Ativo;-
12367;PADARIA TROPICAL;102;SAB/;QUA/;Ativo;-
12382;SO SUCO CENTRO;207;QUA/;SAB/;Ativo;-
12383;A CONFEITARIA;203;SAB/;QUA/;Ativo;-
12390;BAR CESTONARO;103;QUA/;SAB/;Ativo;-
12408;MERCEARIA STA RITA;101;SEX/;TER/;Ativo;-
12477;S5 - BAR MERC. DEROC;203;TER/;SEX/;Ativo;-
12485;MERCEARIA DAN;203;TER/;TER/;Ativo;-
12614;HIPOCAMPU;303;TER/;SEX/;Ativo;Em dia
12661;S5 - PAMPA GRILL;207;QUI/;SEG/;Ativo;Em dia
12705;LIG F CR REI;303;TER/;SEX/;Ativo;-
12707;DROGARIA SAUDE II;203;QUI/;SEG/;Ativo;-
12761;FARMACIA DO FABINHO;103;TER/;DOM/;Ativo;-
12763;POSTO IPIRANGAO;303;TER/;SEX/;Ativo;Em dia
12806;HOTEL IBYS STYLES;207;TER/;SEX/;Ativo;-
12844;VIA FRANGOS;107;QUI/;SEG/;Ativo;-
12852;SAO LUIS PAO E CIA;205;QUI/;SEG/;Ativo;Em dia
12857;BAR E MERC MIRALUZ;106;SAB/;SAB/;Ativo;-
12873;BAR MERC SOUZA;105;SEX/;TER/;Ativo;-
12896;MINI MERC.SOUZA;304;SEX/;TER/;Ativo;Em dia
13238;REST. FLOR DE SAL;205;QUA/;DOM/;Ativo;-
13271;CHURRASCARIA BATISTA;105;TER/;DOM/;Ativo;-
13365;BAR SAI D BAIXO;207;TER/;QUI/;Ativo;Em dia
13410;BAR DAS MENINAS;203;TER/;SEX/;Ativo;-
13529;PANIF MARIA LUCIA;111;QUI/;DOM/;Ativo;-
13673;CASA CARNE JOMACLE;203;TER/;SEX/;Ativo;Inad
14212;SUELI BAR;201;SEX/;QUA/;Ativo;Em dia
14883;MERC OLIVEIRA;301;SEX/;TER/;Ativo;Inad
15224;S5 - BAR DO PREZADO;203;QUA/;SAB/;Ativo;Em dia
15245;POSTO SAO PAULO;308;QUA/;SAB/;Ativo;Em dia
15257;LANCH PIZZ MAZZUCA;102;SEX/;TER/;Ativo;Em dia
15376;BAR DO CEARA;207;QUA/;SAB/;Ativo;-
15402;MERC UNIAO;302;QUI/;SEG/;Ativo;Em dia
15405;AUTO POSTO PALESTINA;108;QUA/;DOM/;Ativo;-
15427;CASA DE PAES GALETI;203;SAB/;QUA/;Ativo;Em dia
15465;S5 - BAR DO CARLOS;105;QUI/;SEG/;Ativo;Em dia
15467;S5 - BAR DO JAIR;101;SEX/;TER/;Ativo;Em dia
15492;FINO SABOR;111;SEX/;TER/;Ativo;-
15511;S.M PARATI;302;SEG/;QUI/;Ativo;-
15515;S5 - BUISSA I;302;SEG/;QUI/;Ativo;Em dia
15523;MERCADO MACAUBAL;302;SEG/;QUI/;Ativo;Em dia
15579;PAES GRANADA;108;QUI/;SEG/;Ativo;Em dia
15580;MERC ZEZINHO;112;QUA/;SAB/;Ativo;Inad
15593;SUP TREVO;302;SEX/;TER/;Ativo;-
15603;PEDACO PIZZAS;201;QUI/;SEG/;Ativo;-
15624;VAREJAO DA ECONOMIA;103;SEX/;TER/;Ativo;-
15632;BAR DO KEBRA;103;SEX/;DOM/;Ativo;-
16058;S5 - CASA DA PICANHA;201;QUA/;SAB/;Ativo;Em dia
16109;MERCADO RICHILIEU;104;QUI/;SEG/;Ativo;Em dia
16123;MERCADO SAO PEDRO;301;QUA/;SAB/;Ativo;Em dia
16127;DEP BEBIDAS PRIMOS;308;TER/;SEX/;Ativo;Em dia
16135;REST LANCH JD DO SOL;104;SEG/;QUI/;Ativo;-
16257;C R N;106;TER/;TER/;Ativo;-
16528;MINI MERC ACOUGUE;102;TER/;SEX/;Ativo;-
16635;S5 - MINIMERC ARMAND;103;QUA/;SAB/;Ativo;Em dia
16852;JOAO PAES;101;TER/;SEX/;Ativo;Inad
16903;OLIVEIRA PANIFICADOR;109;TER/;SEX/;Ativo;-
18541;LIG LEV FESTAS;306;SAB/;QUA/;Ativo;Em dia
18896;COMIDA CASEIRA VO MI;109;SAB/;QUA/;Ativo;Em dia
20207;S5 - PORCADA;205;SEG/;QUI/;Ativo;Em dia
20559;KIBERAMA SHOPPING;205;SEX/;TER/;Ativo;Em dia
20625;MERC CIDADE JARDIM;107;SEG/;QUI/;Ativo;-
20790;BAR MERC.BOM JARDIM;203;SEG/;DOM/;Ativo;-
20845;SUP SERV LAR 2;303;SAB/;QUA/;Ativo;Em dia
20977;S5 - BAR DO CARLAO;107;SEG/;QUI/;Ativo;Em dia
21032;S5 - GAUCHA 2;205;SAB/;QUA/;Ativo;Em dia
21054;MERC DO CHIQUINHO;303;SEX/;TER/;Ativo;-
21110;PASTELARIA BALSARINI;207;SEX/;TER/;Ativo;-
21220;SUP SERV LAR;303;SEX/;TER/;Ativo;Em dia
21252;S5 - BAR CRUZADO;203;SEG/;QUI/;Ativo;Em dia
21265;AUTO POSTO ESTRELA;109;SEX/;DOM/;Ativo;-
21395;S5 - PASTELAR PALM;207;SEX/;TER/;Ativo;Em dia
21469;CASA DE PAES FLAVIO;105;SEG/;SEG/;Ativo;Inad
21494;S5 - HARMONIA TENIS;205;SEG/;QUI/;Ativo;Em dia
21571;HOTEL RIVIERA;207;SAB/;QUA/;Ativo;-
22044;DOCURA CONFEITARIA;203;QUA/;SAB/;Ativo;-
22123;SUPERMERC BOA VISTA;102;SEG/;SEG/;Ativo;-
22322;C CARNES SAO JOSE;109;SEX/;SEX/;Ativo;-
22330;S5 - BAR DO ARAUJO;203;SEG/;QUI/;Ativo;-
22528;SUP PORTUGUESA;203;SEG/;QUI/;Ativo;-
22572;REST YING CHOI;207;SEX/;TER/;Ativo;-
22605;S5 - AUTOMOVEL CLUBE;207;SAB/;QUA/;Ativo;Em dia
22759;SESC RIO PRETO;205;TER/;TER/;Ativo;-
22990;S5 - PORCADA VL AZUL;107;SEG/;SEG/;Ativo;-
23260;PADOCA DELICIAS PAES;107;SEX/;TER/;Ativo;Em dia
23265;MELISSA PLAZA;205;SAB/;QUA/;Ativo;-
23398;S5 - TRIDICO SOLO;305;QUA/;SAB/;Ativo;Em dia
23541;MERCADO SARAIVA;107;SEX/;DOM/;Ativo;-
23640;GRAN RIO HOTEL;207;SEX/;TER/;Ativo;-
24240;MINI MERC.SATAKE;304;SEX/;TER/;Ativo;-
24365;POSTO IPIRANGA POTI;303;SAB/;QUA/;Ativo;-
24376;POSTO MORUMBI;107;QUI/;SEG/;Ativo;-
24410;MER.3AMERICA.RUBEN;203;QUI/;SEG/;Ativo;Em dia
24871;BOI BOM CHURRAS;207;QUI/;SEG/;Ativo;Em dia
25005;SUPERMERC DO VALE;304;QUI/;SEG/;Ativo;Em dia
25532;MERCEARIA BOIZINHO;302;SEX/;TER/;Ativo;Inad
25580;S5 - SERV SOL I;302;TER/;SEX/;Ativo;Em dia
25587;MONTE CARLO CACIQUE;309;SAB/;QUA/;Ativo;-
25594;ESCALA TRIDICO;309;SEG/;QUI/;Ativo;Em dia
25597;S5 - BAR DO CEZAR;203;SEG/;QUI/;Ativo;Em dia
25938;S5- BAR MERC REZENDE;110;SAB/;QUA/;Ativo;-
26080;PETRO BADY;203;QUI/;SEG/;Ativo;-
26135;LANCH PALITO;106;TER/;TER/;Ativo;-
26204;LANA LANCHES;108;SEX/;SEX/;Ativo;-
26247;PANIF SANT ANA;110;SEX/;TER/;Ativo;-
26283;MINI MERC KELLYAN;303;QUA/;SAB/;Ativo;Em dia
26295;BABY FESTAS;306;QUA/;SAB/;Ativo;Em dia
26317;MERCADO CANOA;301;SEX/;TER/;Ativo;-
26356;SUPERMERCADO MUNHOZ;304;TER/;SEX/;Ativo;-
26358;BOY SERV FESTAS;107;SEX/;DOM/;Ativo;-
26378;SUPERMERC MONPAJU;108;TER/;SEX/;Ativo;Em dia
26431;MERCEARIA FORTALEZA;109;QUI/;SEG/;Ativo;Em dia
26444;POSTO PORCINO;203;TER/;SEX/;Ativo;-
26447;CAFE MORIA;207;TER/;SEX/;Ativo;-
26479;FUNFARME ASFF;107;SEG/;DOM/;Ativo;-
26495;BR 153 AGUA E GAS;101;SAB/;QUA/;Ativo;Inad
26515;BAR DA VILMA;207;QUA/;SEG/SAB/;Ativo;Em dia
26570;LANCHONETE BALALAIKA;203;SEX/;TER/;Ativo;-
26586;SERV FESTAS NUNES;306;SEG/;QUI/;Ativo;Em dia
26601;PANIF PLAZA AVENIDA;107;QUI/;SEG/;Ativo;-
26612;SERV FESTA NEQUINHA;308;QUI/;SEG/;Ativo;Em dia
26654;BAR ZE DAMASIO;108;QUI/;SEG/;Ativo;Em dia
26727;PLANTAO ECONOMICO;309;SEX/;TER/;Ativo;-
26741;FRANGO LANGO;107;SEG/;DOM/;Ativo;Em dia
26785;SUP NASCIMENTO II;303;SEG/;QUI/;Ativo;Em dia
26800;S5 - VEM PARA K. BAR;203;SEG/;QUI/;Ativo;-
26818;MERC AROEIRA;302;SAB/;QUA/;Ativo;Em dia
26821;LOJA DE CONVENIENCIA;301;QUA/;SAB/;Ativo;Em dia
26837;MONTE CARLO GUARUJA;303;SEX/;TER/;Ativo;-
26862;BAR DO EDJELSON;112;QUA/;SAB/;Ativo;Em dia
26866;S5 - BAR VILA DIONIS;207;SEG/;QUI/;Ativo;Em dia
26890;ZIB ALIMENTOS;102;TER/;DOM/;Ativo;-
26930;MERC N SRA APARECIDA;303;SEG/;QUA/;Ativo;Em dia
26941;SKINAO RESTAURA;109;SEX/;TER/;Ativo;Em dia
26962;PIZZARIA ITALIA;103;QUA/;SAB/;Ativo;-
26967;S5 - PONTO DA PICANH;205;SAB/;QUA/SEX/;Ativo;Em dia
26987;S5 - HARMONIA BAR;106;QUA/;SAB/;Ativo;Em dia
27011;MERCADINHO SAO JOSE;108;SEX/;TER/;Ativo;-
27025;SERV FESTA PRATIKO;308;QUI/;SEG/;Ativo;-
27067;ICE BEER DINDUS;202;SEX/;TER/;Ativo;Em dia
27071;REST PRACA GRIILL;207;SEX/;TER/;Ativo;-
27086;BAR ST ANTONIO;104;TER/;SEX/;Ativo;Em dia
27095;AUTO POSTO CRUZEIRO;303;QUA/;SAB/;Ativo;-
27123;ACOUGUE STA PAULA;110;QUI/;SEG/;Ativo;-
27131;COOFFE SHOP;203;SEX/;TER/;Ativo;-
27142;S5 - PROENCA ANISIO;305;QUA/;SAB/;Ativo;Em dia
27166;CONV CRISTO REI;303;TER/;SEX/;Ativo;Em dia
27200;AUTO POSTO PRACA;112;TER/;SEX/;Ativo;Em dia
27222;FAVORITA PAES E DOCE;109;SEG/;DOM/;Ativo;-
27234;POUSO E DECOLAGEM;207;TER/;SEX/;Ativo;Em dia
27290;MINI MERCADO ADOLFO;301;SEX/;TER/;Ativo;Em dia
27293;BAR DO BRUNO;102;SEG/;QUI/;Ativo;Em dia
27323;MERCADO VALE DO SOL;204;QUI/;SEG/;Ativo;-
27364;BAR CARIOCA;204;SEG/;QUI/;Ativo;Em dia
27387;SUP IVONE III;305;SEX/;TER/;Ativo;Em dia
27438;SUPERMERCADO GROCAR;301;TER/;SEX/;Ativo;Em dia
27460;C K RESTAURANTE;103;QUA/;QUA/;Ativo;-
27472;REST SIM SIM SALABIM;207;SEG/;QUI/;Ativo;-
27491;BAR LANCH BOM JARDIM;101;SEG/;DOM/;Ativo;-
27517;ARMAZEM IPIGUA;112;SEG/;QUI/;Ativo;-
27556;S5 - CHOPERIA CHOPAO;201;QUI/;TER/;Ativo;Em dia
27562;S5 - SUP PENIEL RP;305;TER/;SEX/;Ativo;-
27564;SAMSHI;205;SEX/;TER/;Ativo;Em dia
27577;SUP VO FELIX;302;QUA/;SAB/;Ativo;Em dia
27589;SUPER M. CASA MOISES;106;TER/;TER/;Ativo;-
27615;BAR DO DE;102;SEX/;TER/;Ativo;-
27620;CASA DE CARNES DO JR;106;QUA/;SAB/;Ativo;-
27631;BAR DO BODINHO;108;SEX/;DOM/;Ativo;-
27637;SERGIO LANCHES;201;SEX/;TER/;Ativo;-
27649;MINI MERC MPERIAL;203;SAB/;QUA/;Ativo;-
27700;BAR DA ROSA;102;SEX/;TER/;Ativo;Em dia
27705;ESPACO CAFE;103;QUA/;SAB/;Ativo;Em dia
27711;MERCEARIA TAVARES;107;SEG/;SEG/;Ativo;Inad
27725;ACQUA VIDA FESTA;308;TER/;SEX/;Ativo;Em dia
27749;REST BIG BROTHER;202;QUA/;DOM/;Ativo;-
27760;BAR DOS AMIGOS;105;QUA/;SAB/;Ativo;Em dia
27773;S5 - GRILLOS BEER;107;TER/;SEX/;Ativo;Em dia
27782;HM EXPRESS CONV;309;SEX/;TER/;Ativo;-
27792;PADARIA DOCE MEL II;110;QUI/;QUI/;Ativo;Em dia
27805;PANIF D ITALIA;110;QUA/;QUA/;Ativo;Inad
27815;MINI MERC AVENIDA;303;QUI/;SEG/;Ativo;Em dia
27818;DORADAO CONVENIENCIA;110;SEG/;SEG/;Ativo;-
27824;POSTO TOP FLEX II;109;SEX/;DOM/;Ativo;Em dia
27837;SERV FESTA SKINAO;306;QUA/;SAB/;Ativo;Em dia
27902;BRAZILIAN CONVENIENC;303;TER/;SEX/;Ativo;Em dia
27915;BAR DO MANE;107;TER/;SEX/;Ativo;-
27916;AUTO POSTO PRIMAVERA;303;SEX/;TER/;Ativo;Em dia
27937;MERCEARIA MARQUES;103;SEG/;QUI/;Ativo;-
27939;CLAUDIO GAS;307;QUI/;SEG/;Ativo;Em dia
28007;S5 - BAR DO FERREIRA;102;SEG/;QUI/;Ativo;-
28021;PANIFICADORA BOMBOCA;109;TER/;DOM/;Ativo;-
28045;BAR DA TONINHA;103;QUI/;SEG/;Ativo;Em dia
28085;BAR DO MARCAO;110;SEX/;TER/;Ativo;-
28096;MERC. STA RITA;204;SEG/;QUI/;Ativo;Em dia
28114;SUPERMERCADO ZUCATTO;304;SAB/;QUA/;Ativo;Em dia
28142;BRASEIRO RESTAURANTE;105;SEG/;SEG/;Ativo;-
28152;MINI MERC PERALTA;111;TER/;SEX/;Ativo;-
28155;PANIFICADORA BOM DIA;105;QUA/;SAB/;Ativo;Em dia
28164;BAR 3 MENINAS;110;QUI/;SEG/;Ativo;-
28173;PANIFICADORA ESTRELA;101;SAB/;DOM/;Ativo;-
28176;BAR D JOAOZINHO;107;SEG/;QUI/;Ativo;-
28182;BAR GONCALVES;204;QUA/;SAB/;Ativo;Inad
28201;CUPIM NA TELHA;202;QUA/;SAB/;Ativo;Em dia
28212;PADARIA ECATU;106;TER/;SEX/;Ativo;Em dia
28221;SUPERMERCADO VIEIRA;301;SEG/;QUI/;Ativo;-
28248;ESPETINHOS DO AGUIAR;107;SEX/;TER/;Ativo;-
28278;CHURRASC DO GAUCHO;104;SAB/;QUA/;Ativo;Em dia
28285;PESQ PAG LAGO AZUL;112;QUA/;SAB/;Ativo;Em dia
28291;BUTECO DO ORATI;106;SEX/;TER/;Ativo;Em dia
28295;AFONSOS BAR E LANCH;204;QUA/;SAB/;Ativo;Em dia
28308;S5 - SUP IVONE I;305;SEX/;TER/;Ativo;-
28347;S O S BEBIDAS;308;SEG/;QUI/;Ativo;Em dia
28371;REST FG D LENHA;101;SEX/;TER/;Ativo;-
28381;BAR LANCH STA LUZIA;104;SEX/;TER/;Ativo;-
28382;MINIMERC SAO BENEDIT;301;QUA/;SAB/;Ativo;Em dia
28395;POSTO TROPICAL;304;SEG/;QUI/;Ativo;Em dia
28408;S5 - SUP ANTUNES II;305;SEG/;QUI/;Ativo;Em dia
28430;SKINAO BRASILIA;103;SEG/;SEG/;Ativo;Inad
28436;BAR SAO MARCOS;104;TER/;TER/;Ativo;-
28440;S5 - RANCHO DO CUPIM;205;SEX/;TER/;Ativo;Em dia
28449;SORVETERIA CIDA;101;TER/;SEX/;Ativo;-
28466;FRUTARIA DRINKS;102;SEG/;DOM/;Ativo;-
28467;CERVEJARIA BRASIL;308;QUA/;SEG/;Ativo;Em dia
28479;AUTO POSTO SOL;303;QUA/;SAB/;Ativo;-
28501;PAD SAO JUDAS TADEU;103;TER/;TER/;Ativo;-
28508;POSTO PALACE;110;SEG/;SEG/;Ativo;-
28512;PIT STOP VITORIA;304;SAB/;QUA/;Ativo;Em dia
28514;ALGAZARRA BUFFET;207;QUA/;SAB/;Ativo;-
28523;CAFETERIA DEL DE MIN;105;QUI/;QUI/;Ativo;-
28559;C CARNES STA ISABEL;107;TER/;SEX/;Ativo;-
28600;MOTEL TREVINHO;111;SAB/;QUA/;Ativo;-
28603;MERCADO SANTA RITA;108;SEG/;QUI/;Ativo;Em dia
28615;BAR DO BAIANO;105;QUA/;QUA/;Ativo;-
28633;BAR DO PALIQUE;103;SEX/;SEX/;Ativo;-
28667;S5 - BAR DO JUNIOR;110;QUI/;SEG/;Ativo;Em dia
28669;PADARIA VITORIA;204;SAB/;QUA/;Ativo;-
28683;BAR DA MARIA;101;SEG/;SEG/;Ativo;-
28686;CLUBE DO SABOR;109;SEG/;QUI/;Ativo;-
28702;BAR MERC RUFO;109;SEX/;TER/;Ativo;-
28709;PIT IRMAOS ZAFANI;304;SAB/;QUA/;Ativo;Em dia
28714;POSTO MONTE CARLO JK;205;SEX/;TER/;Ativo;Inad
28715;POSTO JATOBA;102;TER/;TER/;Ativo;-
28730;MER. E LANCH. QUALID;105;SAB/;SAB/;Ativo;-
28742;MULTIDROGAS;203;SEG/;QUI/;Ativo;Em dia
28743;TURBO DOG LANCHE;201;QUI/;SEG/;Ativo;Em dia
28757;ACOUGUE PAULISTA;110;QUA/;QUA/;Ativo;-
28779;BAR SAO PEDRO;105;SAB/;QUA/;Ativo;Em dia
28782;DROGARIA GUAPIACU;109;SEX/;SEX/;Ativo;-
28809;BAR PINGO DOURO;108;SEG/;QUI/;Ativo;Em dia
28843;CONV SOLAR RP;303;SEX/;TER/;Ativo;Em dia
28863;PADARIA MARTINS;112;SEG/;QUI/;Ativo;Em dia
28886;REST E LANCH ESTORIL;203;TER/;SEX/;Ativo;-
28917;CASA DE CARNE CALIGO;111;QUI/;DOM/;Ativo;Em dia
28923;BAR DO TIAO;101;SEX/;DOM/;Ativo;Inad
28929;VENTOS DO SUL;205;TER/;SEX/;Ativo;-
28938;RANCHAO BAR;204;TER/;SEX/;Ativo;-
28939;FRANGO GOURMET;205;SAB/;QUA/;Ativo;Em dia
28942;BAR DO OSVALDINHO;106;QUI/;SEG/;Ativo;Em dia
28952;CASA DO PRODUTOR;106;QUA/;QUA/;Ativo;-
28953;MERC DO RONALDO;106;SEG/;QUI/;Ativo;Em dia
28972;MARCOS BAR 1;204;SEG/;QUI/;Ativo;-
28975;BAR DO NANICO;108;SEG/;QUI/;Ativo;-
28981;S F CONGELA GUELA;306;TER/;SEX/;Ativo;Em dia
29005;PANIFICADORA OLIVA;102;QUA/;QUA/;Ativo;-
29011;SEU NONO EMPORIO;102;QUI/;SEG/;Ativo;-
29014;BAR MALHA 2;107;SAB/;QUA/;Ativo;-
29043;SERV FESTA DO PIPA;306;SEG/;QUI/;Ativo;Em dia
29049;CASA DE CARNE VIEIRA;104;TER/;SEX/;Ativo;-
29057;A DONNA POLENTA;205;QUI/;SEG/;Ativo;-
29063;VILLA D PAES;101;QUI/;QUI/;Ativo;Em dia
29072;S5 - PORECATU AEROPO;305;SAB/;QUA/;Ativo;Em dia
29073;S5 - PORECATU N S PA;305;SAB/;QUA/;Ativo;Em dia
29074;S5 - POREC BOA VISTA;305;QUA/;SAB/;Ativo;Em dia
29077;S5 - BAR JM DE RP;109;SEG/;QUI/;Ativo;-
29078;GELA GUELA;308;QUA/;SAB/;Ativo;Em dia
29088;MERCEARIA DA FAMILIA;112;SEG/;QUI/;Ativo;Em dia
29132;MERC ANTONIETA;302;SAB/;QUA/;Ativo;Em dia
29149;SERV FESTAS DIEGAO;306;TER/;SEX/;Ativo;Em dia
29160;SERV F MERC MIL GRAU;307;TER/;SEX/;Ativo;-
29170;SAINT JAMES;205;SEX/;SEX/;Ativo;-
29183;LUCIANO BEBIDAS;309;SEG/;QUI/;Ativo;Em dia
29201;BAR DO SALOMAO;108;QUA/;QUA/;Ativo;Em dia
29210;BAR DO ADAO 2;102;SAB/;QUA/;Ativo;Inad
29212;KI SABOR;108;TER/;SEX/;Ativo;-
29226;PANIFICADORA SANTO E;104;SAB/;DOM/;Ativo;-
29230;S FESTA NSR;204;TER/;DOM/;Ativo;-
29231;S5 - BAR DO NEGA;101;SEG/;QUI/;Ativo;Em dia
29241;HOTEL IBIS;205;SAB/;QUA/;Ativo;Em dia
29245;CONVENIENCIA ESTORIL;303;SAB/;QUA/;Ativo;Em dia
29246;MERC E BAR ALMEIDA;301;QUI/;SEG/;Ativo;Em dia
29260;ALMIRANTE SERV-FESTA;306;TER/;SEX/;Ativo;-
29265;BAR CENTRAL;112;QUA/;SAB/;Ativo;Em dia
29274;SUPERMERCADO FORESTO;304;SEG/;QUI/;Ativo;Em dia
29304;BAR DO VIVI;106;QUA/;DOM/;Ativo;-
29307;SUPERMERCADO NONINHO;302;SAB/;QUA/;Ativo;-
29314;IBIS BUDGET HOTEIS;205;TER/;SEX/;Ativo;-
29317;SUPERMERCADO IRAPUA;309;QUA/;SAB/;Ativo;-
29323;S F INDEPENDENCIA;201;SEX/;TER/;Ativo;-
29352;SKINAO BAR;103;TER/;SEX/;Ativo;-
29360;SERV FESTA FERRACINI;307;SAB/;QUA/;Ativo;-
29361;SERV FESTA BORDON;306;SEX/;TER/;Ativo;-
29368;BAR DO BIGODE GROSSO;102;SEX/;TER/;Ativo;Em dia
29371;BAR OLIVEIRA;101;QUI/;QUI/;Ativo;Em dia
29374;S5 - ESPETARIA DALLA;204;QUI/;SEG/;Ativo;Em dia
29387;RBS COUROS;101;QUA/;DOM/;Ativo;Em dia
29392;PEREIRA NIPOA;308;QUA/;SAB/;Ativo;-
29393;MEDINA MERCADO;111;SAB/;QUA/;Ativo;-
29394;PAN SOLIDARIEDADE;112;SEG/;QUI/;Ativo;-
29406;PROZARIA;207;QUI/;SEG/;Ativo;-
29410;MERC 3 IRMAOS;108;SEG/;QUI/;Ativo;-
29420;KAMACHO ESPETO;201;SEG/;QUI/;Ativo;-
29423;FAUSTINO MERC SFESTA;111;TER/;SEX/;Ativo;-
29440;START PRODUCOES;205;QUI/;SEG/;Ativo;-
29442;CS C E ESPETO;301;QUA/;SAB/;Ativo;Em dia
29454;TONINHA TOP TIM;307;SAB/;QUA/;Ativo;Em dia
29457;BAR VIEIRA;103;QUA/;DOM/;Ativo;-
29467;S5 - FAMIGLIA ARNONI;201;TER/;SEX/;Ativo;Em dia
29469;MONTE CARLO DAMHA;309;SAB/;QUA/;Ativo;-
29488;BOI NOBRE;207;QUI/;SEG/;Ativo;Em dia
29490;COSTA DO MARFIM;308;SAB/;QUA/;Ativo;Em dia
29496;BAR DO GELO;107;TER/;SEX/;Ativo;-
29505;FORNO DEGUSTE;205;QUI/;SEG/;Ativo;Em dia
29511;KI ESPETO;201;SEG/;DOM/;Ativo;Em dia
29517;MERC STA LUZIA;304;TER/;SEX/;Ativo;Em dia
29518;BAR COLA;108;SEG/;SEG/;Ativo;-
29520;BAR DO VICENTE;106;SEG/;QUI/;Ativo;-
29521;S5 - PESQUEIRO PRIMA;205;QUI/;SEG/;Ativo;Em dia
29526;BAR MERC CHEGA MAIS;105;SAB/;QUA/;Ativo;-
29527;C DE CARNE BOI BOM;103;SEG/;DOM/;Ativo;-
29528;S5 - BAR DO DELEGADO;109;QUA/;SAB/;Ativo;Em dia
29534;FINO SABOR BEBIDAS;202;QUI/;SEG/;Ativo;-
29539;BAR DO MAGRAO MONTE;103;SAB/;DOM/;Ativo;-
29543;LAMBE LAMB;302;TER/;SEX/;Ativo;-
29558;PADARIA NSRAPARECIDA;107;SEG/;SEG/;Ativo;-
29563;MUNDIAL ALFREDUS;201;QUI/;QUI/;Ativo;-
29583;DIVINO FOGAO;205;SEG/;QUI/;Ativo;Em dia
29586;CEBOLA FRITA;109;QUI/;SEG/;Bloqueado;-
29587;PETISCARIA MACHADO;105;SAB/;SAB/;Ativo;Inad
29590;SUPER POP MAIS;308;SAB/;QUA/;Ativo;Em dia
29599;S5 - PROENCA LIBERDA;305;TER/;SEX/;Ativo;Em dia
29603;DROGARIA TOTAL;111;QUA/;QUA/;Ativo;-
29605;PIZZAR DON FRAZZATTO;201;SEX/;TER/;Ativo;-
29608;ZERO GRAU BEBIDAS;307;QUI/;SEG/;Ativo;Em dia
29617;MARANATA LOJA REAL;109;SEX/;SEX/;Ativo;-
29619;LA TORRE;203;QUI/;SEG/;Ativo;-
29621;MERCEARIA J MATOS;111;SEG/;DOM/;Ativo;-
29629;CASA DE CARNE SAMUEL;110;SAB/;QUA/;Ativo;-
29631;BAR DO CUNHADO;109;QUA/;SAB/;Ativo;Em dia
29632;BAR DA ZILDA;110;QUI/;SEG/;Ativo;Em dia
29637;POSTO 2000;108;SEG/;SEG/;Ativo;-
29649;TIGRAO SERV FESTA II;306;SEX/;TER/;Ativo;-
29656;MERCEARIA NOVO PONTO;106;SEX/;TER/;Ativo;Em dia
29660;BAR DA VERA;102;SAB/;QUA/;Ativo;Em dia
29673;PASTEL SEM VENTO;204;SEX/;SEX/;Ativo;-
29680;PAO DA HORA;207;TER/;SEX/;Ativo;Em dia
29693;J GARCIA;102;QUA/;DOM/;Ativo;-
29695;BEATO CAFETERIA;205;TER/;SEX/;Ativo;-
29696;FINA MASSA PADARIA;105;SEG/;DOM/;Ativo;-
29714;LANCHONETE RPF;203;TER/;SEX/;Ativo;-
29735;CAMP BAR;109;SEX/;TER/;Ativo;-
29740;BORA MERCADO;107;QUI/;SEG/;Ativo;Em dia
29753;S5 - J J ANTUNES;303;TER/;SEX/;Ativo;Em dia
29792;PADARIA POTI;102;TER/;DOM/;Ativo;-
29802;S5 - SEU BUTECO;101;TER/;SEX/;Ativo;-
29805;BAR PONTODEENCONTRO;104;TER/;SEX/;Ativo;-
29818;SANTO AGOSTINHO;203;QUI/;QUI/;Ativo;-
29825;CASA DE CARNE R P M;109;TER/;SEX/;Ativo;-
29830;DOM SABOR MARMITARIA;109;SEX/;SEX/;Ativo;-
29841;CONFEITOS E PAES;204;SEX/;TER/;Ativo;-
29860;NALDIM SERV FESTA;204;QUI/;SEG/;Ativo;Em dia
29868;MR KITSCH;205;SEX/;SEX/;Ativo;-
29886;SO SUCO;207;QUA/;SAB/;Ativo;Em dia
29893;TUBAS BEER;309;TER/;SEX/;Ativo;-
29895;BAR DO REI DO GADO;109;QUA/;DOM/;Ativo;Em dia
29896;MERCADO ESPERANCA;309;QUI/;SEG/;Ativo;Em dia
29897;SERV FESTA HASSER;307;QUI/;SEG/;Ativo;Em dia
29901;POSTO DO DIONE;302;QUA/;SAB/;Ativo;-
29903;S5 - BAR DO ZOIO;102;TER/;SEX/;Ativo;-
29909;S FESTAS SANTA CRUZ;308;SAB/;QUA/;Ativo;Em dia
29912;ESQUINA PAULISTA;203;QUA/;DOM/;Ativo;-
29913;CHINAO BADY;301;SAB/;QUA/;Ativo;Em dia
29914;SUPERMERCADO CARUMAR;301;QUI/;SEG/;Ativo;Em dia
29929;BENDITO CUPIM;207;QUI/;SEG/;Ativo;Em dia
29933;MERCADINHO AMIZADE;304;QUA/;SAB/;Ativo;Em dia
29938;ROCA e CIA;101;SAB/;QUA/;Ativo;Em dia
29949;PADARIA S FRANCISCO;102;QUI/;SEG/;Ativo;Em dia
29953;BAR SANTA LUZIA;103;SEG/;DOM/;Ativo;-
29958;CLINICA BADY;107;SEX/;TER/;Ativo;-
29972;BAR GAVIOES;102;TER/;DOM/;Ativo;Em dia
29975;ESQUINA GIOCONDO;109;SEG/;DOM/;Ativo;Em dia
29976;PASTELARIA REZENDE;203;QUI/;SEG/;Ativo;-
29989;SUP BARBOSA E PRADO;104;QUI/;DOM/;Ativo;-
29991;REATAURANTE TERRACOS;207;SEX/;TER/;Ativo;-
29992;C DE CARNES BETINHO;112;SEX/;TER/;Ativo;-
30008;TOCA DA CORUJA;201;QUA/;QUI/;Ativo;-
30011;SACOI 3;301;SEG/;QUI/;Ativo;Em dia
30037;LUIZ SERV FESTA II;307;QUA/;SEG/;Ativo;-
30046;S5 - PORECATU BELVED;305;SAB/;QUA/;Ativo;Em dia
30056;CONV BUMERANGUE;108;QUI/;DOM/;Ativo;-
30057;SUGOI SUSHI;207;QUA/;SAB/;Ativo;Em dia
30058;PICANHAS GRILL;104;SEX/;SEX/;Ativo;-
30064;S5 - VILLA DO ESPETO;204;SEG/;QUI/;Ativo;-
30066;MARROM CAFE;207;SEX/;TER/;Ativo;-
30069;7 COPAS SERV FESTAS;306;SEG/;QUI/;Ativo;-
30070;PAULINHO SERV FESTA;308;TER/;SEX/;Ativo;Em dia
30073;BAR DA RODOVIARIA;104;SEX/;TER/;Ativo;-
30082;PIT STOP;306;SEX/;TER/;Ativo;-
30100;BAR DOM PEDRO;205;QUA/;SAB/;Ativo;Em dia
30102;QUINTAL RESTAURANTE;107;SEX/;DOM/;Ativo;-
30103;BAIANO SUPERMERCADO;112;TER/;TER/;Ativo;-
30106;MINI MELISSA CLUB;205;SEX/;TER/;Ativo;-
30109;BAR E MERC TIAGO;111;QUI/;SEG/;Ativo;Em dia
30111;EMPORIO MANA;109;SAB/;QUA/;Ativo;-
30119;SUP CORNIANI II;301;TER/;SEX/;Ativo;Em dia
30129;BAR MERC ERNESTO;110;SEG/;QUI/;Ativo;Em dia
30136;SUP PAGUE POUCO;303;QUI/;SEG/;Ativo;Em dia
30137;S5 - PESQUEIRO DOS R;109;SAB/;QUA/;Ativo;Em dia
30140;S5 - BAR PETISCO S;105;QUI/;SEG/;Ativo;Em dia
30146;SERV FESTA DO POVO;308;SEG/;QUI/;Ativo;Em dia
30148;BAR TAVINHO;101;SEG/;QUI/;Ativo;Em dia
30149;CHURRASCO TIA ANA;108;TER/;DOM/;Ativo;Em dia
30158;REST LA VITORIA;104;TER/;DOM/;Ativo;-
30159;SALSA ROOFTOP;201;TER/;SEX/;Ativo;Em dia
30164;S5 - BRASAUE BAR ESP;201;SEX/;TER/;Ativo;-
30168;L E A LATICINIOS;308;SEX/;TER/;Ativo;-
30181;GRILETTO NORTE;207;QUA/;SAB/;Ativo;Em dia
30184;SUPERMERCADO GOBI;302;QUI/;SEG/;Ativo;-
30187;MERCEARIA MEIADO;108;QUI/;DOM/;Bloqueado;-
30189;MERCEARIA CANOAS;108;QUA/;DOM/;Ativo;-
30190;MERCEARIA PRIMAVERA;108;SEG/;SEG/;Ativo;Em dia
30197;S5 - CAPITAO SOCIAL;109;TER/;SEX/;Ativo;-
30219;REAL MASTER;102;SEG/;SEG/;Ativo;-
30221;SF E MERC BEIRA RIO;308;TER/;SEX/;Ativo;Inad
30240;SERV FESTA ROSSI;112;QUA/;SAB/;Ativo;Inad
30243;BAR DO BEZZAO;103;SEX/;TER/;Ativo;-
30253;SO SUCO;205;TER/;SEX/;Ativo;-
30254;CLARICE BAR;107;QUA/;SAB/;Ativo;Em dia
30264;BAR TIAO UCHOA;103;SEX/;TER/;Ativo;Em dia
30268;BAR DO SILVIO;107;QUI/;SEG/;Ativo;-
30281;NEW SALGADOS;110;QUA/;SAB/;Ativo;-
30285;TIVOLI RESTAURANTE;207;QUA/;SAB/;Ativo;Em dia
30287;AUTO POSTO BARRACAO;304;SEG/;QUI/;Ativo;-
30305;BAR MURUMBI;105;QUI/;QUI/;Ativo;Em dia
30309;MELISSA NORTE;207;QUA/;SAB/;Ativo;Em dia
30325;CAMAROTE DO GE;201;SEG/;DOM/;Ativo;Em dia
30332;SR. FILET;207;QUI/;SEG/;Ativo;Em dia
30341;BAR E MERC SAO JORGE;103;SEX/;TER/;Ativo;Em dia
30347;BAR NOVO IRAPUA;104;QUA/;SAB/;Ativo;Em dia
30348;SERV FESTA FELTRIM;106;SEX/;TER/;Ativo;-
30352;BAR DO ZEZAO;108;SAB/;SAB/;Ativo;-
30353;COMIDA CASEIRA;111;QUA/;DOM/;Ativo;-
30357;PARADA OBRIGATORIA;103;QUI/;SEG/;Ativo;Em dia
30358;CONV SAO MIGUEL;301;TER/;SEX/;Ativo;-
30368;SKINA DO PASTEL;102;SEX/;TER/;Ativo;Em dia
30369;PIT STOP ITAIPU;303;SEX/;TER/;Ativo;-
30370;MERCADO TERRA DO SOL;104;SEG/;QUI/;Ativo;-
30383;RES HOTEL SAINT PAUL;205;TER/;SEX/;Ativo;Em dia
30386;OPEN CLUBE;201;QUI/;QUI/;Ativo;Em dia
30390;MERCEARIA BOM JESUS;109;SEG/;DOM/;Ativo;-
30400;C CARNES ESPOSITO;109;SEX/;SEX/;Ativo;-
30414;C CARNES MACHADO;105;SEG/;DOM/;Ativo;-
30416;PEREIRA ZN PIPAS;307;TER/;SEX/;Ativo;Em dia
30417;BELLA CONQUISTA;110;SEG/;DOM/;Ativo;-
30429;ACOUGUE N S D FATIMA;204;QUA/;DOM/;Ativo;Em dia
30444;MERC ACOUG CARDOSO;112;SEX/;TER/;Ativo;-
30446;S F N S APARECIDA;308;SEG/;QUI/;Ativo;Em dia
30453;ESPETTARIA BUTIQUIM;106;TER/;SEX/;Ativo;Em dia
30455;S F CARIOCA;309;SEG/;QUI/;Ativo;-
30461;BAR JC;112;QUA/;SAB/;Ativo;Em dia
30474;S5 - V8 BUTIQUIM;202;TER/;SEX/;Ativo;Em dia
30486;BAR DO ZE;112;QUI/;SEG/;Ativo;Em dia
30487;S5 - BAR DO TICHA 2;110;QUI/;SEG/;Ativo;Em dia
30492;MERCEARIA DA REPRESA;307;QUI/;SEG/;Ativo;Em dia
30496;S5 - ESPETO DO RAFA;201;QUI/;SEG/;Ativo;-
30500;PAPAS BURGUE;201;QUA/;SAB/;Ativo;-
30504;MERC SANTO ANTONIO;108;QUA/;QUA/;Ativo;-
30507;PAD ANOVA FRANCESA;205;SEG/;QUI/;Ativo;-
30511;BAR DO BARBA;101;SEX/;TER/;Ativo;-
30513;SERV FESTAS SEM SEDE;308;SEG/;QUI/;Ativo;Em dia
30514;MERCADO MARINOTO;302;QUI/;SEG/;Ativo;Em dia
30517;BORGUESE PAES E DOCE;110;QUI/;SEG/;Ativo;Em dia
30520;BAR MERC DOIS IRMAO;101;SAB/;QUA/;Ativo;Em dia
30532;BAR DO ZAQUE;103;SAB/;QUA/;Ativo;Em dia
30534;S5 - J J ELDORADO;303;TER/;SEX/;Ativo;Em dia
30535;C DE CARNE PRIMAVERA;109;QUA/;SAB/;Ativo;Em dia
30540;MOREIRA SUPERMERCADO;302;SEX/;TER/;Ativo;-
30562;SERV FESTAS SOUZA;307;QUI/;SEG/;Ativo;Em dia
30570;S5 - BAR BRAZ;105;QUI/;SEG/;Ativo;Em dia
30572;MERCEARIA TEIXEIRA;109;SEG/;QUI/;Ativo;-
30573;S F IMPERIAL;111;QUI/;SEG/;Ativo;Em dia
30582;BAR BICALETI;111;SAB/;DOM/;Ativo;-
30596;BAR TREMURA;111;TER/;SEX/;Ativo;Em dia
30599;PLATAFORMA 9 3 4;202;QUI/;QUI/;Ativo;-
30612;IDEAL SUPERMERCADO;302;SEG/;QUI/;Ativo;Em dia
30621;LANC DO RONISON;103;QUA/;DOM/;Ativo;-
30623;S5 - BAIOCOS BAR;102;SEG/;QUI/;Ativo;Em dia
30636;ESPACO DUBOM;102;TER/;TER/;Ativo;-
30638;BAR DA CIDA;101;QUA/;DOM/;Ativo;Em dia
30643;S5 - BAR AMG DO COPO;106;SEG/;QUI/;Ativo;Em dia
30648;SERV FESTA DO MANE;111;TER/;SEX/;Ativo;-
30649;S FESTAS NANDES;308;QUI/;SEG/;Ativo;Em dia
30654;BAR DA PRAINHA;104;SEG/;QUI/;Ativo;-
30655;ALTAS HORAS S F;304;SEG/;QUI/;Ativo;Em dia
30656;ALTAS HORAS;201;SEX/;DOM/;Ativo;Em dia
30670;S5 - BAR DO GILBERTO;101;SAB/;QUA/;Ativo;-
30671;S5 - BAR DO ARLINDO;107;QUA/;SAB/;Ativo;-
30675;S F SAO RAFAEL;101;SEG/;DOM/;Ativo;-
30676;MERCEARIA SERV BEM;102;QUA/;DOM/;Ativo;Em dia
30678;BAR DO TIOZINHO;108;TER/;DOM/;Ativo;Inad
30690;MR FRANGOS RESTAURAN;207;SAB/;QUA/;Ativo;Em dia
30701;BAR E MERC DO RAMIRO;101;SEG/;SEG/;Ativo;Inad
30704;AVALANCHE LANCHES;108;TER/;SEX/;Ativo;-
30707;PANIFICADORA CENTRAL;104;TER/;TER/;Ativo;-
30711;SUP CORNIANI URUPES;301;QUA/;SAB/;Ativo;Em dia
30717;MERCEARIA L.A.;106;SAB/;QUA/;Ativo;Em dia
30720;HM BADY;301;SAB/;QUA/;Ativo;Em dia
30721;S5 - MURADES ESPETOS;103;TER/;SEX/;Ativo;Em dia
30724;SACOLAO MINEIRINHO;301;SEG/;QUI/;Ativo;Em dia
30727;VIRA COPOS S. FESTA;307;QUA/;SAB/;Ativo;Em dia
30728;CONVENIENCIA HM;109;SEX/;DOM/;Ativo;-
30732;BAR E MERCEARIA GURI;203;SEG/;QUI/;Ativo;-
30736;BAR DO LUIZINHO;106;SEX/;DOM/;Ativo;-
30737;BAR DO MESIAS;107;QUI/;SEG/;Ativo;-
30741;DAY OFF CAFE;205;SEX/;SEX/;Ativo;-
30746;TROVO BAR;101;SEX/;TER/;Ativo;Em dia
30749;FORNO DE OURO;105;QUA/;DOM/;Ativo;-
30760;S5 - BAR E MERCEARIA;110;SEX/;TER/;Ativo;-
30769;S5 - BAR ALTAS HORAS;204;SEG/;QUI/;Ativo;Em dia
30780;NAKASA;202;SEG/;QUI/;Ativo;-
30781;HOT DOG BOM SABOR;202;QUI/;SEG/;Ativo;-
30795;MAGUS;202;QUI/;SEG/;Ativo;Em dia
30796;BAR BERTOLLI;106;QUA/;DOM/;Ativo;Em dia
30805;BAR DO MARIANO;112;SEG/;DOM/;Ativo;-
30817;REI DO REAL BADY;107;SEX/;DOM/;Ativo;-
30818;BAR DO NEGO;112;SEX/;TER/;Ativo;Em dia
30821;OLHA ELAS;201;QUA/;SAB/;Ativo;Em dia
30826;ACOUGUE SANTO EXPEDI;104;SEG/;QUI/;Ativo;-
30829;IMPERIO 1 2 3;106;SEX/;SEX/;Ativo;-
30831;CANTINHO DO ESPETO;103;SEG/;SEG/;Ativo;Inad
30833;CANTAREIRA;105;QUI/;SEG/;Ativo;-
30841;PIT STOP SERV FESTA;307;SEG/;QUI/;Ativo;-
30851;S5 - BAR DO JAJA;207;QUA/;SAB/;Ativo;Em dia
30877;BAR DA BELA;101;TER/;SEX/;Ativo;Em dia
30880;YUUMEI SUSHI;207;SEX/;TER/;Ativo;-
30882;LOST BURGER;110;SEG/;QUI/;Ativo;Em dia
30894;SUPERMERCADO REAL;301;SEX/;TER/;Ativo;-
30916;BAR PONTO CERTO;106;SAB/;QUA/;Ativo;Em dia
30921;SOS BEBIDAS;306;SEG/;QUI/;Ativo;Em dia
30922;SUPERMERCADO OGURA;110;TER/;SEX/;Ativo;Inad
30925;MERCEARIA MIGUEL;302;SEX/;TER/;Ativo;Em dia
30929;REST BARBECUE;205;SEG/;QUI/;Ativo;Em dia
30933;HOT DOG DO RAFAO;106;SAB/;DOM/;Ativo;-
30935;RAI BAR E MERCEARIA;110;TER/;SEX/;Ativo;-
30944;BAR DO VO LEO;102;SEX/;TER/;Ativo;-
30945;ZE DO ESPETO;201;SEG/;QUI/;Ativo;-
30955;BAR DO EDSON;103;QUA/;QUA/;Ativo;-
30957;CONVENIENCIA JATOBAS;112;SEG/;DOM/;Ativo;-
30965;JORGINHO DO GAS;111;SEX/;TER/;Ativo;-
30966;DIVERTI;205;QUI/;DOM/;Ativo;-
30968;SUP FAVORITO;301;SAB/;QUA/;Ativo;Em dia
30978;S5 - BAR DA SUELI DA;102;QUA/;SAB/;Ativo;Em dia
30993;S5 - BRASARIA 2;201;SEG/;QUI/;Ativo;Em dia
31002;TUBARAO FARIA LIMA;203;QUI/;QUI/;Ativo;-
31005;PADARIA GULLAS;108;SAB/;QUA/;Ativo;Em dia
31008;BAR RPS;105;QUA/;SAB/;Ativo;Inad
31010;CANTINHO DO ESPETO;202;SEG/;QUI/;Ativo;Em dia
31017;MERCEARIA JAPONESA;104;SAB/;QUA/;Ativo;-
31027;ZE BANANA;205;TER/;DOM/;Ativo;-
31028;PENAPOLENSE LANCHES;202;TER/;TER/;Ativo;Em dia
31048;PADARIA SOBRIMAR;110;SEG/;SEG/;Ativo;-
31049;DOCURA EM CASA;203;QUA/;SAB/;Ativo;Em dia
31056;POSTO GM LEAO 96;106;SEX/;TER/;Ativo;-
31062;AUTO POSTO PEROLA;306;SAB/;QUA/;Ativo;Em dia
31067;LANCHONETE DO DUDU;108;SEG/;QUI/;Ativo;Em dia
31068;S5 - BAR DO DAMIAO;109;QUA/;DOM/;Ativo;Em dia
31077;BAR DO ZICAO;106;SEG/;QUI/;Ativo;-
31084;BAR DO LUIZINHO;204;QUA/;SAB/;Ativo;Em dia
31087;CASA DE CARNES GUEDE;104;SEG/;DOM/;Ativo;-
31090;BOR DO FOGO;109;SEX/;TER/;Ativo;Em dia
31094;RESTAURANE GAUCHO;110;SEG/;DOM/;Ativo;-
31107;S5 - BAR BOSQ FELIC;109;SEG/;QUI/;Ativo;Em dia
31112;CONVENIENCIA MATRIZ;302;QUI/;SEG/;Ativo;Em dia
31116;BAR DO ZUPERO;106;QUA/;SAB/;Ativo;Em dia
31126;RISOTTO MIX;207;QUA/;SAB/;Ativo;-
31131;DODORICO EMPORIO;308;QUI/;SEG/;Ativo;Em dia
31139;BAR DO ELIAS;112;SEX/;TER/;Ativo;Em dia
31144;J.KLEIN MIRO PAES;106;QUA/;SAB/;Ativo;-
31145;SERVE FESTAS CORUJAS;107;SEG/;QUI/;Ativo;Em dia
31149;S5 - BAR DO BUIU;204;SEX/;TER/;Ativo;Inad
31155;RECHET S UNIVERSITAR;105;QUI/;DOM/;Ativo;Em dia
31162;MERCADO SANTA LUZIA;309;TER/;SEX/;Ativo;-
31166;S5 - BAR DO SIDNEY;106;QUI/;SEG/;Ativo;Em dia
31175;C. DE CARNE REGISSOL;204;SAB/;QUA/;Ativo;-
31184;BOD S BURGUER;104;SEG/;QUI/;Ativo;-
31190;PNEU BAR;102;TER/;DOM/;Ativo;-
31194;BAR DA AMIZADE;204;SEX/;SEX/;Ativo;-
31195;S5 - SUP CABRAL NATO;302;SAB/;QUA/;Ativo;Em dia
31200;ARMAZEM DAS BEBIDAS;308;SEG/;QUI/;Ativo;Em dia
31201;BAR DO JERONIMO;102;SEG/;SEG/;Ativo;-
31206;SERV FESTA DO MARCOS;111;SEG/;QUI/;Ativo;Em dia
31207;PADARIA STA EDWIGES;110;SAB/;QUA/;Ativo;Em dia
31210;S5 - TRIDICO BADY;305;QUI/;SEG/;Ativo;Em dia
31223;MINI MERCADO ALMEIDA;303;QUI/;SEG/;Ativo;Inad
31233;DI LANCHES;104;QUA/;SAB/;Ativo;Em dia
31237;ZE - ESQUINAO SERV F;306;SAB/;QUA/;Ativo;Em dia
31244;BAR SAO MIGUEL;110;SEG/;QUI/;Ativo;-
31248;S5 - SANTA ESQUINA;101;SEG/;QUI/;Ativo;-
31252;MERC VINI E FRANCIS;107;TER/;SEX/;Ativo;Inad
31254;BAR DO JO;102;SEX/;TER/;Ativo;Em dia
31267;COPO SUJO;101;SEX/;TER/;Ativo;-
31273;S5 - BAR CANELAO;110;QUI/;SEG/;Ativo;Em dia
31283;ADEGA 346;109;SEX/;DOM/;Ativo;Em dia
31285;BUTEKO 10;109;QUA/;SAB/;Ativo;Em dia
31286;BAR DO BETINHO;108;SEG/;QUI/;Ativo;-
31288;S5 - CHEF BUENO;205;SEG/;QUI/;Ativo;Em dia
31293;MAR E RIO PEIXES;205;TER/;SEX/;Ativo;-
31295;MERCEARIA BOM JESUS;103;QUI/;SEG/;Ativo;Em dia
31297;MERCEARIA ROMERO;309;SEX/;TER/;Ativo;Inad
31301;FRUTARIA CABRAL;203;TER/;TER/;Ativo;Inad
31306;ADEGA DO JUNIOR;204;QUI/;SEG/;Ativo;-
31320;SERV FESTA NOGUEIRA;306;QUA/;SAB/;Ativo;Em dia
31323;SERV FESTA TO DE BOA;101;SAB/;QUA/;Ativo;-
31326;THIAGO ROCHA HAIR;207;SEG/;SEG/;Ativo;-
31330;SUP ISABELA;301;TER/;SEX/;Ativo;Em dia
31344;LANCHOETE PRIMAVERA;104;QUI/;SEG/;Ativo;Em dia
31350;AVENIDAS BAR;105;QUI/;SEG/;Ativo;Em dia
31355;CANTINA SAO JOSE;203;TER/;SEX/;Ativo;-
31357;AUTO POSTO VICINAL;304;QUI/;SEG/;Ativo;Em dia
31360;HOTEL NACIONAL;205;QUI/;SEG/;Ativo;-
31363;MERCEARIA CONCEICAO;303;QUA/;SAB/;Ativo;Em dia
31378;SERV FESTA RR;306;QUI/;SEG/;Ativo;-
31380;STA CLAU S;106;QUA/;SAB/;Ativo;Em dia
31385;REI DO 1 REAL;101;SAB/;DOM/;Ativo;-
31389;HM MIRASSOL;302;TER/;SEX/;Ativo;-
31394;DONA OLIVA DAHMA;202;TER/;SEX/;Ativo;Em dia
31408;S5 - EMPORIO JOTA;303;TER/;SEX/;Ativo;Inad
31422;BAR DO ARAUJO;109;QUA/;SAB/;Ativo;-
31431;CRAZY TASTE;111;SEX/;TER/;Ativo;Em dia
31437;BAR DO TIMILIQU;104;SEG/;QUI/;Ativo;Em dia
31445;BAR DO WALDECIR;101;TER/;SEX/;Ativo;-
31447;S5 - SKYNA DO ESPETO;202;SEX/;TER/;Ativo;Em dia
31448;LANC PRIMAVERA;202;SEG/;QUI/;Ativo;-
31452;RAIMUNDO BAR;103;QUA/;SAB/;Ativo;Em dia
31453;BAR DO GOMES;103;SAB/;QUA/;Ativo;Em dia
31465;BAR E MERC FALCAO;110;SAB/;QUA/;Ativo;-
31471;BAR DO PONTO;112;QUA/;SAB/;Ativo;Em dia
31478;BAR E MERC SANDRO;108;QUI/;SEG/;Ativo;Em dia
31483;LOS BIRITAS SERV FES;306;TER/;SEX/;Ativo;-
31484;S5 - PROENCA J BONIF;305;QUI/;SEG/;Ativo;Em dia
31486;S FESTAS CEBOLINHA 2;307;TER/;SEX/;Ativo;-
31487;ESPETO.COM;105;QUI/;SEG/;Bloqueado;-
31497;AUTO POSTO SONEGO;108;QUA/;SAB/;Ativo;-
31503;MORAIS FUTEBOL;202;SEX/;TER/;Ativo;Em dia
31508;PELUCI BAR;102;QUA/;SAB/;Ativo;Em dia
31510;SERV FESTA TRADICAO;308;SEG/;QUI/;Ativo;-
31515;IRMAS TUKAMOTO;105;QUI/;SEG/;Ativo;-
31516;PANIFICADORA PADOKA;109;QUA/;SAB/;Ativo;Em dia
31521;EMPORIO COND MONTAGN;107;QUA/;SAB/;Ativo;-
31538;BAR DO PAULINHO;103;SEG/;QUI/;Ativo;Em dia
31539;FAZENDA 841;207;TER/;SEX/;Ativo;-
31542;PADARIA MIRASSOL;204;SAB/;QUA/;Ativo;-
31543;SANSHI NORTE;207;QUA/;SAB/;Ativo;Em dia
31549;EMPORIO PAO E BAGUET;105;SAB/;SAB/;Ativo;-
31553;CASTRO BEBIDAS;308;SEG/;QUI/;Ativo;Em dia
31554;BAR DA NILZA;101;SEG/;DOM/;Ativo;-
31556;LA CANCHA FC;201;QUI/;TER/;Ativo;-
31558;VILLA NORTHE;110;QUA/;DOM/;Ativo;-
31565;BAR DA NENA;107;TER/;SEX/;Ativo;Em dia
31569;LEPE SERV FESTA;111;SEX/;DOM/;Ativo;Em dia
31570;BAR MARCOS CEVADA;103;SEX/;SEX/;Ativo;Em dia
31573;XAVIER SERV FESTA;308;SEG/;QUI/;Ativo;Em dia
31577;RANCHO DOS AMIGOS;104;SEG/;QUI/;Ativo;Em dia
31579;BAR DO MAURINHO;102;QUA/;DOM/;Ativo;Em dia
31581;S5 - CAUIM BAR;205;QUA/;SAB/;Ativo;Em dia
31582;LUIZ GRILL;102;QUA/;QUA/;Ativo;-
31584;BAR DO MARIO;201;QUA/;SAB/;Ativo;Em dia
31592;HORA DA PIZZA;201;QUA/;QUA/;Ativo;-
31599;TIGRAO SERV FESTAS;306;SEX/;TER/;Ativo;-
31603;S5 - BAR BELO HORIZ;110;QUI/;SEG/;Ativo;Em dia
31604;SUP JATOBAS MIR;304;QUA/;SAB/;Ativo;Em dia
31607;EMPORIO DOS PAES;110;QUI/;SEG/;Ativo;-
31610;MERC SANTO ANTONIO;103;SEG/;QUI/;Ativo;-
31617;BAR DO JONAS;107;TER/;SEX/;Ativo;Em dia
31630;CROCK MELL;112;SEX/;TER/;Ativo;-
31639;MERC DO GIBA;109;SEG/;QUI/;Ativo;-
31641;MERC FREITAS;101;SEG/;DOM/;Ativo;-
31657;AUTO POSTO CENTRAL;106;QUA/;SAB/;Ativo;Em dia
31659;S5 - TOSCANO BAR;111;SAB/;QUA/;Ativo;-
31660;SINDICATO COMERCIO;203;SEG/;QUI/;Ativo;Em dia
31671;BRAZILIAN CONV JK;303;SAB/;QUA/;Ativo;Em dia
31679;MIURA S BAR RESTAURA;202;QUI/;SEG/;Ativo;-
31686;SERV FESTA DO BAIANO;309;SEG/;QUI/;Ativo;Em dia
31687;MERCEARIA ALVORADA;110;QUA/;DOM/;Ativo;Em dia
31694;SF BORGES;201;SEX/;TER/;Ativo;Em dia
31695;TABACO IMPORTS;102;QUI/;DOM/;Bloqueado;-
31701;HAYSAN;205;QUI/;SEG/;Ativo;Em dia
31711;ARMAZEM IMPERIO REAL;102;QUA/;DOM/;Ativo;Em dia
31713;CHURRASCARIA DO TCHE;204;TER/;SEX/;Ativo;Em dia
31720;GRIFE DO BEEF;207;QUI/;SEG/;Ativo;Em dia
31721;S5 - PROENCA N S PAZ;305;TER/;SEX/;Ativo;Em dia
31725;BAR DA SOMBRA;201;QUI/;SEG/;Ativo;Em dia
31730;CANTINA OBA OBA;108;SEG/;SEG/;Ativo;Inad
31732;ACOUGUE SOFIA;112;SEG/;SEG/;Ativo;-
31738;SERV F BEM BOLADO;112;SEX/;TER/;Ativo;-
31739;SERV FESTA DO EDAO;308;TER/;SEX/;Ativo;Em dia
31742;FRIGO XAVIER;110;SAB/;QUA/;Ativo;-
31744;OFICIAL CHOPP JK;201;QUA/;SEG/;Ativo;Em dia
31749;MERCEARIA TAMBORIU;304;TER/;SEX/;Ativo;-
31752;SERV FESTA DO JE;111;QUI/;SEG/;Ativo;-
31753;JC BEBIDAS;306;SEX/;TER/;Ativo;Em dia
31756;BAR DO PONTO;106;QUI/;SEG/;Ativo;Em dia
31757;BAR DO EDIM;103;QUA/;DOM/;Ativo;-
31762;REAL NORTE;112;SEX/;DOM/;Ativo;-
31763;CONV AVENIDA;302;SEG/;QUI/;Ativo;Em dia
31768;PICANHA BELVEDERE;207;QUI/;SEG/;Ativo;Em dia
31770;MAIS MINI MERCADO;303;QUA/;SAB/;Ativo;Em dia
31772;RENNA DOG;202;SEG/;QUI/;Ativo;-
31784;LANCHONETE KINTAL;108;TER/;SEX/;Ativo;Em dia
31791;BUTIKIM COLEGUINHAS;111;QUA/;DOM/;Ativo;-
31796;ZAPPAS BADY;207;SEG/;QUI/;Ativo;Em dia
31800;ADEGA DA FAMILIA;102;QUA/;DOM/;Ativo;Em dia
31803;KISSPETO;202;SEX/;TER/;Ativo;Em dia
31804;GUAP BEEF;109;QUA/;SAB/;Ativo;Em dia
31805;LOJAO TEM DE TUDO;108;QUA/;QUA/;Ativo;Em dia
31807;BAR DO MARCOS;103;SEX/;TER/;Ativo;Em dia
31808;S F EXPEDICIONARIOS;105;SEG/;QUI/;Ativo;-
31820;DEP SAO JUDAS TADEU;308;TER/;SEX/;Ativo;Em dia
31825;MONTE CARLO MUFFATO;309;SAB/;QUA/;Ativo;-
31826;MNT CARLO LIBERDADE;109;QUI/;SEG/;Ativo;-
31829;BAR MONGE;205;SEG/;QUI/;Ativo;Em dia
31831;S5 - FAMIGLIA ARNONI;202;TER/;SEX/;Ativo;-
31836;ZAPPAS PRATIC;207;QUI/;SEG/;Ativo;Em dia
31863;LUCAS SERV FESTA;307;TER/;SEX/;Ativo;-
31865;BAR DO KABORJA;101;QUI/;DOM/;Ativo;Em dia
31867;SERV FESTA RM;306;QUA/;SAB/;Ativo;Em dia
31870;SERV FESTAS NIKITO;307;SEG/;QUI/;Ativo;Em dia
31878;MINI MERC GALHARDO;110;SAB/;QUA/;Ativo;-
31883;PADARIA ISA E MILTON;106;SAB/;QUA/;Ativo;-
31888;PIZ SANTO ANTONIO;109;TER/;SEX/;Ativo;Em dia
31898;SUP NASCIMENTO V;303;SEG/;QUI/;Ativo;Em dia
31899;MINI MERCADO ESTRELA;101;QUA/;SAB/;Ativo;Em dia
31900;BAR PITU;203;QUI/;SEG/;Ativo;-
31901;S5 - PINE BAR;103;SEG/;QUI/;Ativo;Em dia
31902;BAR DO DEDA;109;SEX/;TER/;Ativo;-
31907;SKINAH BAR;109;QUA/;SAB/;Ativo;-
31911;BARRA CORTES E BARB;103;SAB/;QUA/;Ativo;Em dia
31918;BAR DO MARLON;101;SAB/;DOM/;Ativo;-
31926;CLUB DO BOLICHE;202;SEX/;QUA/;Ativo;Em dia
31928;BAR DO MARCINHO;204;SEX/;TER/;Ativo;-
31936;ORIGINAL BURGUER;202;TER/;SEX/;Ativo;-
31941;C DE CARNES BOI BOM;102;SEG/;SEG/;Ativo;-
31945;S5 - BAR DA BELLA;204;SEX/;SEX/;Ativo;-
31946;PAULINHO LANCHES;102;QUA/;QUA/;Ativo;Em dia
31950;MERC ESPERANCA;304;SEX/;TER/;Ativo;Inad
31951;SUPERMERCADO RUVIERI;304;SAB/;QUA/;Ativo;Em dia
31956;CRIS LANCHONETE;101;QUA/;SAB/;Ativo;Em dia
31957;SUP NSA LOJA 2;301;QUI/;SEG/;Ativo;Em dia
31967;S5 - BAR DO CORINTIN;204;QUI/;SEG/;Ativo;Em dia
31968;CONDESSA LANCHES;201;SEX/;TER/;Ativo;-
31974;NOSSO BAR;204;QUA/;SAB/;Ativo;Em dia
31980;MERCEARIA SANTA RITA;102;SEX/;DOM/;Ativo;-
31983;BAR GUIMARAES;112;TER/;SEX/;Ativo;-
31984;SERV FESTA CANADA II;309;SAB/;QUA/;Ativo;Em dia
31989;ART PAO;203;SAB/;QUA/;Ativo;-
31995;CONV ALTAS HORAS;308;TER/;SEX/;Ativo;Em dia
31998;BAR DO BOI;103;QUA/;SAB/;Ativo;Em dia
32001;PORCO NO PRATO;205;SAB/;QUA/;Ativo;Em dia
32003;SERV FESTA TROPICAL;201;SEX/;TER/;Ativo;-
32005;AUTO POSTO MONTE;103;QUA/;QUA/;Bloqueado;-
32011;DOCES TIA GE;108;SEG/;SEG/;Bloqueado;-
32013;S F LARANJEIRAS;308;SEX/;TER/;Ativo;-
32017;S FESTA NOVA OPCAO;110;SEX/;TER/;Ativo;-
32022;DONA JU MINIMERCADO;302;QUI/;SEG/;Ativo;Em dia
32023;S5 - BAR DO MARANHAO;105;SEX/;TER/;Ativo;Em dia
32030;BAR DO FEIO;102;TER/;SEX/;Ativo;Em dia
32036;SERV FESTA LISBOA;309;SEG/;QUI/;Ativo;-
32039;JULIANA LANCHES;104;SEX/;DOM/;Ativo;-
32045;BAR DO GIBA;102;SEX/;DOM/;Ativo;-
32046;C DE CARNE DIGNIDADE;112;SAB/;DOM/;Ativo;-
32051;S5 - EMP DO CABOCLO;202;QUA/;SAB/;Ativo;Em dia
32054;CHIQUINHO MENDONCA;107;TER/;SEX/;Ativo;Inad
32056;MERC DO PEDRINHO;103;QUA/;SAB/;Ativo;Em dia
32058;CANTINHO DA ROCA;106;SEG/;SEG/;Ativo;-
32059;ROSINHA LANCHES;106;SEG/;QUI/;Ativo;Em dia
32064;S F CIGANINHO;306;SEG/;QUI/;Ativo;Em dia
32067;C CARNES DO MANCHA;309;SAB/;QUA/;Ativo;Inad
32079;CASA DE CARNES SILVA;112;SEG/;DOM/;Ativo;-
32082;AGUA E GAS PARAIBA;112;SEX/;TER/;Ativo;-
32083;C CARNES CARLINHOS;111;QUA/;DOM/;Ativo;Em dia
32101;S F TREMURA;307;SEX/;TER/;Ativo;Em dia
32105;MAYCON CORTS;207;TER/;SEX/;Ativo;-
32109;MARIA ESPETO;201;SEG/;QUI/;Ativo;-
32113;BAR DA DONA JANDIRA;104;QUI/;SEG/;Ativo;Em dia
32116;SUP TRI MAIS;301;QUI/;SEG/;Ativo;-
32119;CASA DE CARNE TALAIA;104;SEX/;TER/;Ativo;Em dia
32127;MERC BOM JESUS 2;304;SEX/;TER/;Ativo;-
32129;FLOR DO TRIGO;101;QUI/;SEG/;Ativo;Em dia
32130;BAR DO GUSTAVO;102;QUI/;SEG/;Ativo;Em dia
32139;COWORKING SERVICE;207;QUI/;QUI/;Ativo;-
32144;MERCADAO DA ECONOMIA;101;TER/;SEX/;Ativo;-
32145;ADRIANA MERCEARIA;107;SAB/;QUA/;Ativo;Em dia
32148;MERCEARIA DA SILVANA;309;TER/;SEX/;Ativo;Inad
32154;BAR SETE COPAS;103;SAB/;DOM/;Ativo;-
32161;DROG STA TEREZINHA;105;QUA/;QUA/;Ativo;-
32166;PAD E CONF PADOCA;102;SAB/;DOM/;Ativo;-
32170;BY SY BOLOS;111;QUI/;QUI/;Ativo;-
32179;KABORJA MERCEARIA;101;QUI/;SEG/;Ativo;Em dia
32181;RIGHETO S BAR;103;SAB/;QUA/;Ativo;-
32182;MERCEARIA DUAS VENDA;111;TER/;SEX/;Ativo;Inad
32187;PADOCA DA MIROCA;103;SEG/;DOM/;Ativo;-
32194;VIEIRA RESTAURANTE;105;QUA/;SAB/;Ativo;-
32195;S5 - BAR DICAO;103;QUA/;SAB/;Ativo;-
32200;SUP BANDEIRANTE;305;SEG/;QUI/;Ativo;Em dia
32201;VICINAL BEER;306;SEG/;QUI/;Ativo;Em dia
32208;CHEFS DE RUA;204;QUI/;SEG/;Ativo;-
32211;SERV FESTA MERC PROG;307;TER/;SEX/;Ativo;Em dia
32214;BAR DO SOL;106;SEG/;QUI/;Ativo;Em dia
32216;S5 - BAR DO LULU;106;QUI/;SEG/;Ativo;Em dia
32217;PONTO DO ACAI;112;QUA/;SAB/;Ativo;Em dia
32220;BISPO FOOD SERVICE;301;QUI/;SEG/;Ativo;Em dia
32221;ARMAZEM S JOAO;102;SEG/;QUI/;Ativo;-
32233;C C SAO SEBASTIAO;109;TER/;SEX/;Ativo;-
32237;POSTO ALE ELDORADO;309;SEG/;QUI/;Ativo;Em dia
32239;LANCHONETE VEM PARK;103;TER/;SEX/;Ativo;-
32245;CANTINHO SERTANEJO;308;SEX/;TER/;Ativo;-
32258;S5 - BAR BAIANA;204;TER/;SEX/;Ativo;Inad
32259;TONINHOS II;109;QUI/;QUI/;Ativo;-
32265;BAR E MER SANTOS REI;101;SAB/;QUA/;Ativo;Em dia
32267;SERV FESTA COYOTE;307;SEX/;TER/;Ativo;-
32269;RICARDO SERV FESTAS;307;SEX/;TER/;Ativo;-
32275;SACOLAO ECONOMICO;106;SEG/;DOM/;Ativo;-
32279;MERCEARIA MATOS;105;SEX/;TER/;Ativo;Em dia
32286;ARENA SUNSET;207;TER/;SEX/;Ativo;-
32296;ARMAZEM IMPERIO REAL;102;QUA/;QUA/;Ativo;-
32297;D E M BAR;101;SEX/;TER/;Ativo;-
32302;ENCONTROS DE AMIGOS;106;TER/;TER/;Ativo;Em dia
32305;EDSON MERCEARIA;309;QUA/;SAB/;Ativo;Inad
32306;COCO BAMBU;205;SEG/;QUI/;Ativo;Em dia
32307;BERLIM AUTO POSTO;203;SAB/;QUA/;Ativo;Em dia
32310;SO SUCO RESTAURANTE;207;SEX/;TER/;Ativo;-
32312;VERON 1 CIDADANIA;309;SEG/;QUI/;Ativo;-
32314;SANTA FILOMENA;306;SEX/;SEG/;Ativo;-
32315;PIT STOP PALESTINA;307;QUI/;SEG/;Ativo;-
32317;NET GM RONALDO;108;QUA/;SAB/;Ativo;Em dia
32318;MERCEARIA GARCIA;110;SEX/;TER/;Ativo;-
32322;PADARIA BOM GOSTO;106;TER/;TER/;Ativo;-
32323;SERV FESTA MORAES;309;QUI/;SEG/;Ativo;Em dia
32330;MERCEARIA BOM PRECO;101;SEG/;DOM/;Ativo;-
32332;LANCHONETE FABIANO;106;SEX/;TER/;Ativo;-
32333;BAR DO NEZAO;107;SEG/;QUI/;Ativo;Em dia
32334;ACOUGUE DONA NEUZA;111;QUI/;SEG/;Ativo;-
32336;SERV FESTA AVENIDA;106;SEG/;QUI/;Ativo;Em dia
32337;ACADEMIA BAR;108;QUA/;SAB/;Ativo;Em dia
32341;MERCEARIA PAULISTA;304;SAB/;QUA/;Ativo;Em dia
32350;S5 - O ESPETISSIMO;201;QUI/;SEG/;Ativo;Em dia
32355;BAR SAO JOSE;103;SEX/;TER/;Ativo;Em dia
32357;SERV FESTA SUP POP;306;TER/;SEX/;Ativo;-
32372;PIT STOP POLONI;308;QUA/;SAB/;Ativo;Em dia
32374;HACHI;201;SEX/;SEX/;Ativo;-
32377;BAR DO SILVIO;108;SEG/;DOM/;Ativo;-
32381;JC SERV FESTA;201;TER/;SEX/;Ativo;Inad
32386;MERCEARIA RETUCI;108;QUA/;QUA/;Ativo;Em dia
32388;MINI MERC VAREJO;302;SEG/;QUI/;Ativo;Em dia
32393;BAR DA HILDA;102;SAB/;DOM/;Ativo;-
32397;DRI SERVE FESTAS;307;QUI/;SEG/;Ativo;Em dia
32399;DAVID LANCHES;202;QUI/;SEG/;Ativo;Em dia
32401;SERV FESTA LUCIMARA;307;SEX/;TER/;Ativo;Em dia
32405;BAR ESPETO;101;SEG/;QUI/;Ativo;-
32408;ACOUGUE FERNANDES;105;QUI/;QUI/;Ativo;Inad
32415;MATHIAS SERV FESTA;307;TER/;SEX/;Ativo;Inad
32428;BAR DA JOANA;104;SEX/;TER/;Ativo;-
32429;FRUTARIA TERRA VIVA;105;SAB/;SAB/;Ativo;-
32430;ZAP SUPERMERCADO;309;TER/;SEX/;Ativo;Em dia
32432;BAR TO NO TRABALHO;104;SEX/;TER/;Ativo;-
32434;SOL NASCENTE MERC;103;QUA/;SAB/;Ativo;Em dia
32437;SERV FESTA REVOADA;306;QUA/;SAB/;Ativo;Em dia
32438;LUIZAO SPORT CENTER;201;QUA/;SAB/;Ativo;Em dia
32440;LA BRASA;202;TER/;SEX/;Ativo;-
32446;100 SERV FESTA;109;SEG/;QUI/;Ativo;-
32450;MERCEARIA FAZAN;110;QUA/;SAB/;Ativo;Em dia
32455;SERV FESTA ESTORIL;306;SAB/;QUA/;Ativo;Em dia
32458;SERV FESTA PROMESSA;112;SAB/;QUA/;Ativo;-
32460;BAR DA JOSY;104;SEX/;TER/;Ativo;-
32463;BAR ZE RUBENS;102;TER/;TER/;Ativo;-
32464;CONFORT SUITS;205;SAB/;QUA/;Ativo;Em dia
32470;PAO E BAGUETH;104;QUA/;QUA/;Ativo;-
32476;S5 - SUP ANTUNES IV;305;SEG/;QUI/;Ativo;Em dia
32477;CUCA FRESCA BEBIDAS;308;SEX/;TER/;Ativo;-
32482;GOOD HOUSE;201;QUI/;QUA/;Ativo;-
32488;SUP CABRAL SCHMIDT;303;QUI/;SEG/;Ativo;-
32504;MARLENES BEER;309;TER/;SEX/;Ativo;-
32508;AMIGOS LANCHES;202;TER/;SEX/;Ativo;-
32533;CONVENIENCIA ZAZTRAZ;309;QUA/;SAB/;Ativo;Em dia
32543;VALE DO SOL MIRASSOL;302;SEX/;TER/;Ativo;-
32548;NA ONDA DO PEIXE;104;QUI/;SEG/;Ativo;-
32549;MERC.MARACANA.MARCOS;203;QUI/;SEG/;Ativo;Em dia
32551;DISTRIBUIDORA BACURI;302;QUI/;SEG/;Ativo;Em dia
32562;PETISCARIA SEM IGUAL;104;SEX/;TER/;Ativo;Em dia
32579;MORADA SERV FESTA;307;SEG/;QUI/;Ativo;Em dia
32591;MERCADO DO ZE;304;TER/;SEX/;Ativo;-
32593;MERCEARIA CONGONHA;105;QUI/;QUI/;Ativo;Em dia
32597;BROOKS HAMBURGUERIA;201;TER/;SEX/;Ativo;Inad
32607;PATRONI PIZZA;205;SEG/;SEG/;Ativo;-
32613;VO FRANCISCO;207;QUA/;QUA/;Bloqueado;-
32630;BAR DO PEREIRA;107;QUI/;SEG/;Ativo;Em dia
32635;SERV FEST. 2 IRMAOS;308;SEX/;TER/;Ativo;Em dia
32641;S5 - ARENA MOV BEACH;205;QUI/;SEG/;Ativo;-
32672;CEARA MERCEARIA;108;QUA/;QUA/;Ativo;-
32673;S5 - BAR DO ANDREZAO;101;QUI/;SEG/;Ativo;-
32692;IMPERIO BEER;307;SAB/;QUA/;Ativo;Em dia
32703;S5 - BAR RODRIGUES;110;QUA/;SAB/;Ativo;Em dia
32708;MERCEARIA MARIA ROSA;108;SEG/;QUI/;Ativo;Em dia
32720;RIO PRETO SERV FESTA;306;QUA/;SAB/;Ativo;Em dia
32721;BAR S A II;108;QUA/;QUA/;Ativo;-
32727;CANTINHO DOCE;107;SEX/;TER/;Ativo;Em dia
32734;BAR DA IVETE;106;QUI/;DOM/;Ativo;-
32735;BAR DO WALDEMAR;104;QUA/;SAB/;Ativo;Em dia
32738;MERC BOM JESUS;302;QUA/;SAB/;Ativo;Em dia
32740;ADEGA DEB CERVEJARIA;307;QUI/;SEG/;Ativo;Em dia
32742;SUP JANUARIA;304;SEG/;QUI/;Ativo;Em dia
32749;SERV FESTA LIBRA;309;SEG/;QUI/;Ativo;-
32753;JOHNNY KINGS;110;QUA/;SAB/;Ativo;Em dia
32755;PORCO CAIPIRA;202;QUA/;QUA/;Ativo;-
32760;MERC SANTOS REIS;103;SEX/;TER/;Ativo;-
32763;CONVENIENCIA CENTRAL;302;SEG/;QUI/;Ativo;Em dia
32766;MERC DO SITIO;302;QUI/;SEG/;Ativo;Em dia
32767;MINERO LANCHES;201;TER/;SEX/;Ativo;Em dia
32768;VANELICIAS;107;SEX/;TER/;Ativo;Inad
32774;MERCEARIA DA FABIANA;103;QUA/;QUA/;Ativo;Em dia
32779;RIO P GAS;306;QUI/;SEG/;Ativo;Em dia
32780;RESTAURANTE JOCINEI;110;QUA/;QUA/;Ativo;Em dia
32786;CONVENIENCIA SILVA;301;QUI/;SEG/;Ativo;Em dia
32789;BINHO;110;SEX/;TER/;Ativo;-
32790;RANCHO DO CARLIM;204;SAB/;QUA/;Ativo;Em dia
32798;S5 - BAR DO TORREMO;102;TER/;SEX/;Ativo;Em dia
32800;BAR DO GORDINHO;106;SEG/;QUI/;Ativo;Inad
32801;S5 - MARCELINO E ALC;107;SEG/;QUI/;Ativo;-
32804;SUPERMERCADO BITA;203;QUA/;SAB/;Ativo;Em dia
32811;PANIF SANTA FE;110;TER/;TER/;Ativo;-
32817;SERV FESTA DO PAIZAO;112;SEX/;TER/;Ativo;-
32822;BAR SHOW DE BOLA;109;TER/;SEX/;Ativo;-
32832;SERV FESTA YASMIN;306;QUI/;SEG/;Ativo;Em dia
32833;MERC SANTO EXPEDITO;203;SEG/;QUI/;Ativo;-
32837;SERV FESTA BALDIN;308;SAB/;QUA/;Ativo;-
32838;ALHO NEGRO;201;QUI/;SEG/;Ativo;-
32839;HABIB S;207;SAB/;QUA/;Ativo;Inad
32842;PEDROSO JACI;302;SEX/;TER/;Ativo;-
32846;PANIF JARDIM BH;110;QUI/;QUI/;Ativo;-
32848;S FESTA FAMILIA;307;TER/;SEX/;Ativo;-
32859;BAR DA VARZEA;202;QUA/;SAB/;Ativo;Em dia
32862;JUSCELINO BARBA;107;QUI/;SEG/;Ativo;-
32870;MOTEL IMPERIAL;107;QUA/;SAB/;Ativo;-
32873;SAIDEIRA;103;SAB/;QUA/;Ativo;Em dia
32876;PONTO DA BEBIDA;306;SAB/;QUA/;Ativo;Em dia
32877;COMPRE MIX;305;SAB/;QUA/;Ativo;Em dia
32888;ROMERO PIZZARIA;201;SEX/;TER/;Ativo;-
32896;A TOCA DO PETISCO;202;SEG/;QUI/;Ativo;Inad
32907;S F BRUTTUS III;309;SAB/;QUA/;Ativo;Inad
32917;S5 - BAR DO OSIR;105;QUA/;SAB/;Ativo;Em dia
32918;MERCEARIA DO ALEMAO;101;SEX/;TER/;Ativo;-
32924;COMERCIAL FERREIRA;112;SEX/;DOM/;Ativo;-
32938;SERV FESTA ROCHA;308;SEG/;QUI/;Ativo;Em dia
32941;DANIELS SERV FESTA;307;SEX/;TER/;Ativo;-
32946;PARAISO DA CERVEJA;304;QUI/;SEG/;Ativo;Em dia
32948;BAR DO TOCO;202;QUI/;QUI/;Ativo;Em dia
32949;JM LANCHONETE;103;SEX/;DOM/;Ativo;-
32950;LANCHONE SKINAO;103;SEX/;DOM/;Ativo;-
32951;LOJAO DO REAL;106;SEG/;SEG/;Ativo;-
32955;MAKISU SUSHI;201;SEX/;TER/;Ativo;Em dia
32958;BAR BOTA P TORA;112;QUI/;SEG/;Ativo;Em dia
32970;MERCADO SETVALLEY;304;QUA/;SAB/;Ativo;Em dia
32974;EMP COND DAMHA 3;105;TER/;TER/;Ativo;Inad
32975;EMP COND GARDEN;109;QUI/;QUI/;Ativo;-
32982;DODGE AMERICANB;207;SAB/;SEG/;Ativo;-
32989;ELTON LANCHES;202;SEG/;QUI/;Ativo;-
33015;SACOI SUPERMERCADOS;301;SEG/;QUI/;Ativo;-
33016;S5 - BALBEK;202;SEX/;TER/;Ativo;Em dia
33024;RANCHO DO IPE;207;TER/;SEX/;Ativo;Em dia
33029;BEACH CLUB;104;QUA/;SAB/;Ativo;-
33044;SERV F DOS VICENTES;309;QUA/;SAB/;Ativo;Em dia
33045;HORTIFRUTI BADY;107;SEX/;TER/;Ativo;-
33046;PAPRIKA RESTAURANTE;207;SEX/;TER/;Ativo;-
33048;SUP IPANEMA;308;QUA/;SAB/;Ativo;Em dia
33050;MeN ADEGA E MERC;308;QUI/;SEG/;Ativo;Em dia
33063;SERV FESTA GLAUCIAO;306;QUA/;SAB/;Ativo;-
33065;CONV PRIMAVERA;308;QUI/;SEG/;Ativo;Em dia
33066;SANTOS AGUA MINERAL;104;SAB/;QUA/;Ativo;-
33076;MARCEARIA CAPIVARA;106;SEG/;QUI/;Ativo;Inad
33080;SERV FESTA TIK TOK;306;QUA/;SAB/;Ativo;Em dia
33082;MERCEARIA DILAMAR;104;SEG/;SEG/;Ativo;-
33087;RODRIGAO SERV FESTA;306;SEG/;QUI/;Ativo;Em dia
33096;BAR ESQUINA;103;QUI/;DOM/;Ativo;-
33100;CEDROS LANCHES;101;QUA/;SAB/;Bloqueado;-
33114;PRADELA FRIOS;107;SAB/;QUA/;Ativo;-
33115;BHB RESTAURANTE;107;SAB/;QUA/;Ativo;-
33119;BAR ALVORADA;203;QUI/;SEG/;Ativo;Em dia
33120;MACILLON MERCADO;302;TER/;SEX/;Ativo;-
33122;DECK SERV FESTA;306;SEX/;TER/;Ativo;-
33124;MERCADO RODRIGUES;107;TER/;SEX/;Ativo;Em dia
33130;BAR DA TERESA;104;QUA/;SAB/;Ativo;Em dia
33132;BAR CLEIMAR;110;SAB/;QUA/;Ativo;Em dia
33134;IMPERIO HORTI FRUTTI;109;QUA/;SAB/;Ativo;-
33135;SERV FESTA YPE;308;SEG/;QUI/;Ativo;Em dia
33139;CHURROS DA HORA;107;QUA/;SAB/;Ativo;-
33141;ESFIHA MAIS;101;QUI/;SEG/;Ativo;Em dia
33142;BAR CAMINHO DE CASA;107;SEX/;TER/;Ativo;-
33143;SERV FESTA SERV LAR;306;TER/;SEX/;Ativo;-
33148;DISK BEER;304;SEG/;QUI/;Bloqueado;Em dia
33151;ORIGINAL BEEF;110;QUI/;SEG/;Ativo;-
33178;MAIS Q SABOR;203;SAB/;QUA/;Ativo;Em dia
33201;SERV FESTA DRIVE;308;SAB/;QUA/;Ativo;-
33206;C DE C MISTER BEEF;109;QUI/;DOM/;Ativo;Em dia
33213;BAR FERREIRA;202;QUI/;DOM/;Ativo;-
33219;AMMICI GASTRONOMIA;205;SEG/;QUI/;Ativo;Em dia
33222;TABACO CACHACA;202;QUA/;SAB/;Ativo;Em dia
33240;MERCADO CREPALDI;301;TER/;SEX/;Ativo;Em dia
33252;PADARIA JUNIOR PAES;101;SEX/;SEX/;Ativo;-
33256;RAFFA BUFFET;103;QUI/;QUI/;Ativo;Em dia
33257;PANIFICADORA NOVAES;105;QUA/;SAB/;Ativo;Em dia
33262;DROGARIA TOTAL;101;SAB/;QUA/;Bloqueado;-
33270;OITI;207;SEG/;QUI/;Ativo;-
33283;MERCEARIA COLISEU;103;SEG/;QUI/;Ativo;Em dia
33308;SO SUCO PLAZA;205;SAB/;QUA/;Ativo;-
33317;SANTA TEREZINHA;308;QUA/;SAB/;Ativo;Em dia
33321;ROTISSERIA COSTA;205;SEX/;SEX/;Ativo;Inad
33324;JR SF E MERCEARIA;308;SEX/;TER/;Ativo;Em dia
33330;PIT STOP DO MALA;103;TER/;SEX/;Ativo;Em dia
33333;TEMPAO;106;TER/;SEX/;Ativo;-
33338;LANCHONETE ADILSONS;108;QUA/;DOM/;Ativo;-
33347;M M SOLUCAO;109;QUI/;SEG/;Ativo;Inad
33348;ULTIMO PONTO;106;TER/;TER/;Ativo;-
33352;ALIAO PESCA;104;SEG/;SEG/;Ativo;-
33353;SERV FESTA GRILL;308;QUA/;SAB/;Ativo;Em dia
33380;BAR DO QUEIXO;107;TER/;TER/;Ativo;-
33381;CASA DE CARNE FM;104;SAB/;SAB/;Ativo;-
33382;CARLINHOS SERV FESTA;112;QUA/;QUA/;Bloqueado;-
33384;REI DOCES;203;QUA/;SAB/;Ativo;Inad
33385;PADARIA FORNALHA;103;SAB/;DOM/;Ativo;-
33393;BAR IPANEMA II;108;QUA/;QUA/;Ativo;Em dia
33405;BAR DO GARCOM;110;SEG/;QUI/;Ativo;-
33408;SERV FESTA DO RENATO;107;TER/;SEX/;Ativo;-
33410;SERV FESTA PEIXARIA;309;TER/;SEX/;Ativo;-
33411;BAR DO GARRAFAO;101;SEG/;QUI/;Ativo;Em dia
33417;SENHOR DO ESPETO;109;SEX/;TER/;Ativo;-
33421;MIRA HOOKAH;112;TER/;SEX/;Ativo;Em dia
33430;S5 - ACOUGUE S BAR;203;QUI/;SEG/;Ativo;Em dia
33437;SUP AMPARADO 2;108;TER/;SEX/;Ativo;-
33439;CONVENIENCIA VID MAN;104;TER/;SEX/;Ativo;-
33440;KING BOLICHE BAR;201;QUA/;SAB/;Ativo;Em dia
33441;BAR DA ELZA;110;TER/;DOM/;Ativo;-
33453;MERCEARIA RIBEI;106;QUI/;SEG/;Ativo;-
33457;SEU NETO ESPETINHO;202;QUA/;SAB/;Ativo;-
33469;PASTELARIA DA JU;110;SEX/;DOM/;Ativo;-
33473;POSTO ALE SOLO;304;SAB/;QUA/;Ativo;Em dia
33477;POSTO M C NONATO;303;SEX/;TER/;Ativo;-
33481;S F DOS AMIGOS;112;QUA/;SAB/;Ativo;-
33483;BAR DO AMIGOS;108;QUA/;SAB/;Ativo;-
33485;NEY CASA DE CARNES;111;TER/;DOM/;Ativo;Em dia
33492;MERCEARIA K L D;107;QUA/;SAB/;Ativo;Inad
33493;SERV FESTAS DA HORA;308;QUI/;SEG/;Ativo;Em dia
33496;TACHA MACHA SABORES;111;SAB/;QUA/;Ativo;-
33508;REC DO PESCADOR;204;TER/;DOM/;Bloqueado;-
33509;TENIS CLUB ORINDIUVA;108;SEX/;TER/;Ativo;-
33516;PADARIA LAIDE;106;QUI/;SEG/;Ativo;-
33517;RESTAURANTE MANDARIM;201;QUI/;SEG/;Ativo;Inad
33518;BAR ESTRELA;101;SAB/;QUA/;Ativo;-
33521;SUP 3 IRMAS;302;QUA/;SAB/;Ativo;-
33527;HORTIFRUTI FIORI;102;SEX/;SEX/;Ativo;-
33528;CF SALGADOS;102;SEX/;DOM/;Ativo;-
33532;PANIFICADORA POTI;102;TER/;DOM/;Ativo;-
33536;MONTE CARLO CEDRAL;101;QUA/;QUA/;Ativo;-
33538;MINIMERCADO SANCHES;309;SEG/;QUI/;Ativo;-
33539;BOREAL CHOPERIA;110;SEX/;DOM/;Ativo;-
33544;EMPORIO JJ;306;SEX/;TER/;Ativo;Em dia
33551;PUB 55 MUSIC BA;102;SEG/;QUI/;Ativo;-
33556;MERCADO MARCIM;301;SEG/;QUI/;Ativo;Em dia
33557;S5 - BAR DA KOKA;204;SEX/;TER/;Ativo;-
33565;RR SERV FESTA;304;TER/;SEX/;Ativo;Em dia
33578;PIZZARIA BELLA LUTI;202;TER/;DOM/;Ativo;-
33580;BARBERSHOP THIAGO;105;QUA/;DOM/;Ativo;-
33589;BAR DA RE;108;QUA/;DOM/;Ativo;-
33590;BAR DA BOCHA LL;108;QUA/;QUA/;Ativo;-
33599;EGGMIX;107;SAB/;QUA/;Ativo;-
33600;SERV FESTA PRISCILA;107;SAB/;QUA/;Ativo;-
33601;ARMAZEM SERV FESTA;307;QUI/;SEG/;Ativo;-
33602;SERV FESTA ARMAZEM;112;SEG/;QUI/;Ativo;-
33606;BOTICA VERDE;105;SAB/;SAB/;Ativo;-
33608;CEDRAL BEACH ARENA;101;QUA/;DOM/;Ativo;Em dia
33611;MINI MERCADO LAGUNA;302;TER/;SEX/;Ativo;-
33615;BLUE MOON;205;QUA/;SAB/;Ativo;Em dia
33616;MERCEARIA SALES;303;QUA/;SAB/;Ativo;-
33620;MERCEARIA BRANDAO;104;TER/;TER/;Ativo;-
33627;S F SUPER CHOQUE;307;SEG/;QUI/;Ativo;Em dia
33629;S F NO PONTO;308;TER/;SEX/;Ativo;Inad
33630;MERCEARIA SALVADOR;112;TER/;DOM/;Ativo;-
33635;S F TACO DE OURO;203;QUA/;SAB/;Ativo;-
33650;ITALIAMO CAPICCHE;202;SEX/;SEX/;Ativo;-
33652;CONV ALVORADA;112;QUA/;SAB/;Ativo;Em dia
33658;PITKARE;107;SEG/;SEG/;Ativo;-
33660;CH BURGUERS;202;SEG/;SEG/;Ativo;-
33661;LOS CHOCAS BAR;104;SEX/;TER/;Ativo;Em dia
33666;BUTECO SADI;105;QUA/;SAB/;Ativo;Em dia
33670;CANTINA DO PRADO;107;SEX/;TER/;Ativo;-
33676;THE BEST ACAI;110;QUI/;SEG/;Ativo;-
33680;EMPORIO GUARIBAS;303;QUA/;SAB/;Ativo;Em dia
33682;POSTO ALE SORAIA;101;SAB/;QUA/;Ativo;-
33687;S F SANTA MONICA;106;QUA/;SAB/;Ativo;Em dia
33689;ROZZI RESTAURANTE;109;SEG/;QUI/;Ativo;-
33690;PADARIA CELEBRIDADE;109;SEG/;QUI/;Ativo;-
33691;PADARIA DOCE SABOR;112;QUI/;QUI/;Ativo;Em dia
33693;VAI QUE COLA;110;QUI/;SEG/;Ativo;-
33702;SIRLENE LANCHES;112;QUI/;DOM/;Ativo;Em dia
33703;SERV FESTAS 31;308;SAB/;QUA/;Ativo;Em dia
33704;GIOVANA PAES E DOCES;204;TER/;SEX/;Ativo;-
33710;FRANGO NO BALDE FNB;104;QUA/;DOM/;Ativo;-
33725;GOURMET BRAZILIAN JK;303;SAB/;QUA/;Ativo;Em dia
33730;ESPETINHOS DO PAPAI;201;SEG/;QUI/;Ativo;-
33733;REAL DO TURCO;308;TER/;SEX/;Ativo;-
33741;SERV FESTA ZERO GRAU;308;TER/;SEX/;Ativo;Em dia
33747;COLHER DE PAU;103;SEX/;SEX/;Ativo;-
33748;MAC MAIS;103;SEX/;SEX/;Ativo;-
33749;BAR DO VALERIO;111;SEG/;QUI/;Ativo;Em dia
33750;GRILETTO;205;SEX/;TER/;Ativo;Em dia
33755;DAI PIZZA E BAR;201;TER/;SEX/;Ativo;-
33756;BAR IPANEMA;108;QUA/;DOM/;Ativo;-
33757;LIRIOS BISTRO;207;QUA/;SAB/;Ativo;-
33759;S5 - MERCADO FERRARI;304;QUI/;SEG/;Ativo;Em dia
33767;MERCEARIA REGISSOL;204;SAB/;QUA/;Ativo;-
33768;TOM NOSSO;207;SEX/;TER/;Ativo;Em dia
33770;SUPER TANABI II;302;QUA/;SAB/;Ativo;Em dia
33771;MERCEARIA UNIAO;309;SEG/;QUI/;Ativo;Em dia
33774;CHICO BARRIGUDO MERC;207;SEX/;TER/;Ativo;-
33776;ADRIANA EVENTOS;205;QUI/;SEG/;Ativo;-
33778;ESPACO BEER 2;309;QUI/;SEG/;Ativo;-
33780;DIM TERIM BEBIM;202;TER/;SEX/;Ativo;-
33781;S5 - SAO PEDRO BUTIQ;207;TER/;SEX/;Ativo;-
33815;PRAKTI MINI MARKET;309;QUI/;SEG/;Ativo;-
33818;XANDY ESPETINHOS;104;SEX/;TER/;Bloqueado;-
33828;ESPETOS POR DO SOL;102;QUI/;QUI/;Ativo;Em dia
33833;CASA DE CARNES LM;110;SEG/;DOM/;Ativo;Em dia
33863;EMPORIO INACIO;104;TER/;SEX/;Ativo;-
33864;CASA DE C E M NINICO;102;SEX/;TER/;Ativo;-
33889;CAFE COM;112;TER/;DOM/;Ativo;Em dia
33895;ROTISSERIA VALARETTO;203;QUA/;TER/QUI/DOM/;Ativo;Em dia
33920;VILLA ROTISSERIA;101;SAB/;QUA/;Ativo;Em dia
33928;SUPER FERNANDO;303;SEG/;QUI/;Ativo;Em dia
33934;LANCHE DA JANETE;107;QUA/;SAB/;Ativo;-
33935;MERCEARIA UNIVERSAL;103;QUI/;SEG/;Ativo;Em dia
33966;AROEIRA RESTAURANTE;102;TER/;DOM/;Ativo;-
33991;PANIFICADORA AURORA;204;QUI/;DOM/;Ativo;Em dia
33992;ARTE EM PAES;101;SEX/;SEX/;Ativo;-
34005;WELL BURGUER;202;QUI/;QUI/;Ativo;-
34012;FRIGOBOI;205;SAB/;QUA/;Ativo;Em dia
34029;CS DE CARNES DO KIKI;102;QUI/;DOM/;Ativo;-
34033;EMPORIO SAO JOAO;102;SEG/;DOM/;Ativo;-
34034;BAR DO JUVILEI;103;SEX/;SEX/;Ativo;-
34036;MINESTRA REFEICOES;105;SEG/;DOM/;Ativo;-
34037;PADARIA DO MINEIRO;204;QUI/;DOM/;Ativo;-
34041;CASA DE CARNES MARRO;107;TER/;SEX/;Ativo;Em dia
34072;IMSTORE;103;SEX/;TER/;Ativo;-
34075;CABECA SERV FESTA;307;QUA/;SAB/;Ativo;Em dia
34082;MERCEARIA BELA VISTA;301;TER/;SEX/;Ativo;-
34084;ESPETINHO E CIA;202;TER/;SEX/;Ativo;Em dia
34090;LA BRASA STEAKHOUSE;104;QUI/;SEG/;Ativo;Inad
34091;CASA RUSTICA;204;SEG/;QUI/;Ativo;-
34094;UM BRUNCH CAFE;207;SEX/;TER/;Ativo;-
34099;CASA DE CARNES JG;104;SEX/;SEX/;Ativo;-
34101;SUA LANCHERIA;203;SEX/;TER/;Ativo;-
34102;CHRISTAL E STELARI;301;SEX/;TER/;Ativo;-
34105;S F DUTRA PAI;112;SEG/;QUI/;Ativo;Em dia
34115;S5 - ANTIQUARIO;106;SEG/;QUI/;Ativo;-
34119;BEMBERGAMIN;201;SEG/;QUI/;Ativo;-
34121;MURADE;103;QUI/;QUI/;Ativo;-
34128;BAR DO NEGAO;103;SEX/;SEX/;Ativo;-
34129;EMPORIO MOTA;302;SEX/;TER/;Ativo;Em dia
34132;SASHIMI APERITIVOS;201;QUI/;DOM/;Ativo;Em dia
34134;RODRIGAO SERV FESTAS;307;SEG/;QUI/;Ativo;-
34151;BAR DO TONHO 2;106;QUI/;QUI/;Ativo;Em dia
34153;S F GELA GUELA;306;TER/;SEX/;Ativo;-
34167;ITALIAMO PIZZARIA;202;SEX/;DOM/;Ativo;-
34178;HOTEL CASSINO;207;SEX/;TER/;Ativo;-
34183;MERC MARCINHO;112;QUA/;SAB/;Ativo;Em dia
34185;SANTO GARFO;203;SEG/;QUI/;Ativo;-
34186;QUIOSQUE DO LAGO;109;QUA/;QUA/;Ativo;Inad
34204;VENKTEM;112;SAB/;QUA/;Ativo;-
34208;R E F EMPREENDIMENTO;101;SEG/;QUI/;Ativo;Em dia
34214;JB SERV FESTA;307;QUA/;SAB/;Ativo;-
34223;PORTAL LANCHES;202;QUA/;SAB/;Ativo;Em dia
34226;LONGUINHO;110;TER/;SEX/;Ativo;Inad
34229;SERV FESTAS REVOADA;306;TER/;SEX/;Ativo;Em dia
34242;MERCEARIA JV;302;QUA/;SAB/;Ativo;Em dia
34243;PADARIA KEM KE PAO 2;108;SEX/;DOM/;Ativo;-
34244;MERCEARIA LORA;112;SEX/;DOM/;Ativo;-
34245;ESPETO GOURMET;104;QUI/;DOM/;Ativo;-
34250;PADARIA BOMBOCADA;108;TER/;SEX/;Ativo;-
34257;REQUINTE COFFEE;203;SEX/;TER/;Ativo;-
34260;PIZZARIA VILA MADALE;112;QUI/;DOM/;Ativo;-
34265;SOS SERVE FESTA;306;SEG/;QUI/;Ativo;Em dia
34268;OLIVEIRA DELIVERY;202;QUI/;QUI/;Ativo;-
34269;EMPORIO LIDER;205;SEX/;TER/;Ativo;Em dia
34270;DONA BELLI MERCADOS;204;TER/;SEX/;Ativo;-
34276;S5 - PESQ A FLORESTA;101;SEG/;QUI/;Ativo;Em dia
34284;MERCADO MS;301;SAB/;QUA/;Ativo;Em dia
34296;BAR DO MICHEL;102;QUI/;SEG/;Ativo;Em dia
34300;EMPORIO BUENO;204;SEX/;TER/;Ativo;-
34320;POSTO UNIVERSITARIO;303;SEX/;TER/;Ativo;Em dia
34345;LANCHONETE OASIS;102;QUA/;DOM/;Ativo;-
34364;EMP COND DAMHA 2;105;TER/;TER/;Ativo;-
34374;CAKE 10;105;SEX/;SEX/;Ativo;-
34381;CONFEITARIA HM;111;TER/;DOM/;Ativo;-
34382;S F ROMEU;307;SAB/;QUA/;Ativo;Em dia
34389;PANIFICADORA IVONE;106;QUA/;DOM/;Ativo;-
34392;DROG STA TEREZINHA;109;SEG/;QUI/;Ativo;-
34393;VIRA COPOS;308;SAB/;QUA/;Ativo;Em dia
34395;BAR SANTANA;101;QUA/;SAB/;Ativo;-
34401;SERV FESTA BENEVIDES;111;QUI/;SEG/;Ativo;-
34413;SUSHI NORTE;202;SEG/;QUI/;Ativo;-
34415;SKINA DO SALGADO;105;QUI/;DOM/;Ativo;-
34421;CLEBAO LANCHES;201;SEG/;QUI/;Ativo;-
34424;PADARIA ESQUINAO;112;TER/;DOM/;Ativo;-
34427;SERV F DO BARRIGA;201;SEG/;QUI/;Ativo;Em dia
34430;SERV FESTA PECININI;306;QUI/;SEG/;Ativo;Em dia
34439;DROG FRATERNIDADE;101;QUI/;QUI/;Ativo;Inad
34446;WS DOCERIA;112;SEX/;DOM/;Ativo;-
34449;ACAI DAS MENINAS;202;SEG/;SEG/;Ativo;-
34451;MERCEARIA DA CLAUDIA;112;SEX/;TER/;Ativo;-
34473;RANGUS DO ROGERS;103;QUA/;QUA/;Ativo;-
34489;BARBEARIA DO PAULO;110;QUA/;SAB/;Ativo;-
34498;MERC SANTA CRUZ;105;SEG/;SEG/;Ativo;-
34500;THIAGAO BEBIDAS;105;QUI/;QUI/;Ativo;-
34518;SERV FESTA ESQUINA;306;TER/;SEX/;Ativo;-
34546;CASA DE CARNES JJ;302;SEX/;TER/;Ativo;-
34583;EMPORIO FORNO E GRAO;109;SEG/;QUI/;Ativo;-
34592;FRIGO PRIME BEEF;109;TER/;DOM/;Ativo;-
34642;JUBERNAL SALGADOS;107;SEX/;TER/;Ativo;-
34674;KING BEER;307;SAB/;QUA/;Ativo;Em dia
34684;ADEGA DO LULU;103;QUA/;QUA/;Ativo;-
34686;BOTONI BEER;308;QUA/;SAB/;Ativo;-
34705;BADIOLA PIZZARIA;202;QUA/;SAB/;Ativo;Em dia
34707;MERCEARIA SAO MATEUS;108;TER/;SEX/;Ativo;-
34730;SERV FESTA MERCEARIA;111;QUI/;QUI/;Ativo;Em dia
34737;LANCHONETE LEROY;101;SEX/;SEX/;Ativo;Em dia
34741;S5 - BAR MERC BARRET;110;QUI/;SEG/;Ativo;Em dia
34761;BAR SANTOS;102;TER/;SEX/;Ativo;-
34767;SUPER FARMA;107;SEX/;TER/;Ativo;-
34773;S F DEDINHO;109;TER/;DOM/;Ativo;-
34789;QUERO DOCE;110;TER/;SEX/;Ativo;Inad
34803;SERV FESTA SAO MIGUE;308;TER/;SEX/;Ativo;-
34809;MERCADO FAKINE II;304;SAB/;QUA/;Ativo;Inad
34829;MER KON MERCADO COND;107;QUA/;SAB/;Ativo;Em dia
34830;HILTON HOTEL;205;SEG/;QUI/;Ativo;Em dia
34838;MASTER LOJAS RIO PRE;203;SEX/;DOM/;Ativo;-
34900;NUNES CONVENIENCIA;308;QUI/;SEG/;Ativo;Em dia
34912;S5 - BAR POLONI CLUB;103;QUA/;SAB/;Ativo;Em dia
34923;CONV TERRAS DA BARRA;104;SEG/;DOM/;Ativo;-
34927;CS DE CARNES IMPERIO;111;TER/;DOM/;Ativo;-
34929;S5 - R10 ESPETO BAR;109;SEX/;TER/;Ativo;-
34935;QUITANDA DO CESAR;103;QUA/;QUA/;Ativo;-
34937;BAR DO SERRINHA;111;TER/;DOM/;Bloqueado;-
34941;S F EGYDIO ZANI;112;SEG/;QUI/;Ativo;Em dia
34947;ESPET DO FONSECA;109;QUI/;DOM/;Ativo;-
34957;MARQUES SERV FESTA;309;SEG/;QUI/;Ativo;Em dia
34958;PESCADOS OMEGA-3;103;TER/;TER/;Ativo;-
34959;VICTOR LANCHES;107;SEG/;QUI/;Ativo;Em dia
34986;RESTAURANTE IRAPUA;104;QUA/;DOM/;Ativo;Em dia
34991;DROGARIA TOTAL POPUL;105;QUI/;DOM/;Ativo;-
34996;D BEBIDAS;307;TER/;SEX/;Ativo;Em dia
35009;MERC FESTA MAGRIN;112;QUI/;SEG/;Ativo;Em dia
35010;PORCADA SANTO EXP;102;QUI/;SEG/;Ativo;Em dia
35014;AGUA NA BOCA REST;102;QUA/;DOM/;Ativo;Em dia
35026;TK SERV FESTA E CONV;204;SEX/;SEX/;Ativo;-
35042;MIRIAM BAR;110;QUI/;SEG/;Ativo;-
35045;M A ESPETARIA E CIA;204;SAB/;QUA/;Ativo;-
35062;ISTOK DAMHA FIT;112;SEG/;DOM/;Ativo;-
35064;SERV FESTA MAGALHAES;112;QUI/;SEG/;Ativo;Em dia
35075;JUN YASSUDA JUNIOR;105;SAB/;QUA/;Ativo;Em dia
35097;GOMES BEBIDAS;309;QUA/;SAB/;Ativo;Em dia
35102;CHIMBOCA S BAR;204;SEG/;QUI/;Ativo;-
35107;BUTECO DO EMBAIXADOR;109;QUA/;DOM/;Ativo;-
35111;NARDUS SALGADOS;105;TER/;SEX/;Ativo;Em dia
35144;HORTIFRUTI ZACOLAO;104;SAB/;DOM/;Ativo;-
35156;CONV CANOVAS;105;QUI/;SEG/;Ativo;Em dia
35157;SERV FESTAS OLIVEIRA;306;SAB/;QUA/;Ativo;-
35159;PAULISTAO BEBIDAS;308;SEX/;TER/;Ativo;Em dia
35163;MAKISU DAMHA;202;TER/;SEX/;Ativo;-
35175;FAUSTAO CONVENIENCIA;309;SEX/;TER/;Ativo;-
35178;DAMITHA;204;QUA/;DOM/;Ativo;-
35208;BAR DO DIM;110;SEX/;TER/;Ativo;Inad
35210;AVENIDA SERV FESTA;306;SEG/;QUI/;Ativo;-
35217;PORTO GAS;111;SEX/;DOM/;Ativo;-
35218;BRENU S BURGUER;102;SEG/;SEG/;Ativo;Inad
35228;ADEGA DO GAGUINHO;108;SAB/;QUA/;Ativo;-
35272;ESPETINHO E BEBIDA;102;SEX/;TER/;Ativo;Em dia
35276;EMPORIO SAO RAPHAEL;109;SAB/;QUA/;Ativo;Em dia
35278;PIZZARIA CONTE;202;SEX/;TER/;Ativo;-
35282;BAR E MERC RIBEIRO;108;SAB/;SAB/;Ativo;-
35286;LANACONTI VAREJINHO;106;SEG/;DOM/;Ativo;-
35305;CASA DO FRANGO;207;SAB/;QUA/;Ativo;Inad
35306;EVENTOS AMARAL;101;QUI/;SEG/;Ativo;-
35315;SERV FESTA ROTATORIA;309;QUI/;SEG/;Ativo;Em dia
35329;ACADEMIA EXTREME;103;QUI/;QUI/;Ativo;-
35351;MERCEARIA DEUS E BOM;103;SAB/;QUA/;Ativo;Em dia
35357;CONV ZANETONI;104;SEG/;QUI/;Ativo;Inad
35364;FLORA SERV FESTA;307;SEG/;QUI/;Ativo;Em dia
35388;ANDRE LUIZ ANTONIO;101;TER/;SEX/;Ativo;Em dia
35392;TERRACO EMPORIO;104;SEG/;QUI/;Ativo;Em dia
35393;CONV BELO;309;TER/;SEX/;Ativo;-
35396;VIVIAN S BAR;102;QUI/;SEG/;Ativo;-
35397;BAR DO DEDE;109;QUA/;SAB/;Ativo;Em dia
35402;SALGADERIA;106;SEX/;SEX/;Ativo;-
35413;UNI DUNI TE TUDO PRA;109;QUA/;DOM/;Ativo;-
35415;POINT BEER SERV FEST;308;SAB/;QUA/;Ativo;Em dia
35420;ALEXANDRE BARBEARIA;111;SEG/;DOM/;Ativo;-
35421;MERCADO CREPALDI II;301;QUA/;SAB/;Ativo;Em dia
35422;DW SORVETES;112;TER/;SEX/;Ativo;Em dia
35425;AUTO POSTO HM;301;QUI/;SEG/;Ativo;Em dia
35429;BAR DO COBRINHA;102;QUA/;DOM/;Ativo;Em dia
35488;ARMAZEM DAS BEBIDAS;307;TER/;SEX/;Ativo;-
35510;LENHADOR STEAK.;205;TER/;SEX/;Ativo;Em dia
35519;BAR MERC SAO BENEDIT;110;SAB/;QUA/;Ativo;Em dia
35520;JUBERNAL SALGADOS;105;QUI/;SEG/;Ativo;-
35526;ARMAZEM SAO VICENTE;309;QUA/;SAB/;Ativo;Em dia
35530;HIPERMARKET;109;QUI/;SEG/;Ativo;Em dia
35536;SILVIA PAES;110;SEX/;TER/;Ativo;-
35560;TEXAS TABACARIA;110;TER/;SEX/;Ativo;-
35578;S5 - BAR DO SARDINHA;207;SEG/;QUI/;Ativo;Em dia
35582;BAR DO GEOVANI;111;SAB/;DOM/;Ativo;-
35588;DAY TO DAY HELP;109;QUI/;DOM/;Ativo;-
35594;S F QUEBRA GALHO;309;QUI/;SEG/;Ativo;Em dia
35597;BM MERC E PADARIA;102;QUI/;SEG/;Ativo;-
35605;CAFE 153 IGUATEMI;205;SEG/;SEG/;Ativo;-
35608;PADARIA FML TEIXEIRA;109;QUA/;SAB/;Ativo;-
35620;LUMUS FAST FOOD;103;SEG/;DOM/;Bloqueado;-
35621;AUTO POSTO PERICO;309;SEX/;TER/;Ativo;-
35629;ANDRESA MORENO;308;SEX/;TER/;Ativo;Em dia
35641;RECANTO DO ROTA;102;QUA/;DOM/;Ativo;Em dia
35656;FARMACIA LUZ;109;SAB/;DOM/;Ativo;-
35658;S FESTA ALTAS HORAS;108;SAB/;QUA/;Ativo;-
35668;NCG MARKELPLACE;112;SEG/;SEG/;Ativo;-
35669;SUPERMERCADO DU VAL;304;SEX/;TER/;Ativo;-
35674;S5 - BAR CIDINHA;103;TER/;SEX/;Ativo;Em dia
35678;SERV FESTA MARIN;307;SEX/;TER/;Ativo;Em dia
35681;MERCEARIA PARAISO;104;TER/;TER/;Ativo;-
35684;JIN JIN CHINESE;205;SEX/;TER/;Ativo;Em dia
35691;SERV FESTA CIGANO;105;SAB/;DOM/;Ativo;Em dia
35693;PANIFICADORA BRAZERO;103;QUA/;QUA/;Ativo;-
35710;PASTIFICIO CAVATELLI;107;QUI/;DOM/;Ativo;-
35714;MARMITARIA CS DA VO;101;QUA/;DOM/;Ativo;Em dia
35720;EMPORIO CAVALCANTE;110;TER/;DOM/;Ativo;-
35724;LANCHONETE TERMINAL;203;SEX/;SEX/;Ativo;-
35731;MERC RUSSO E VANDA;109;QUA/;DOM/;Ativo;Em dia
35734;JHONYS BURGUER;201;TER/;SEX/;Ativo;-
35735;BAR DO MARCIEL;104;QUA/;SAB/;Ativo;-
35738;DELICIAS DA RIZO;203;TER/;DOM/;Ativo;-
35742;SERV FESTA GORDINHO;306;QUI/;SEG/;Ativo;Em dia
35748;MR BEBIDAS;302;QUI/;SEG/;Ativo;-
35751;BAR DO GAUCHO;201;QUA/;SEG/;Ativo;Inad
35752;ADEGA VALENTINA;306;QUA/;SAB/;Ativo;Em dia
35753;MALLBR;105;SAB/;DOM/;Ativo;-
35754;BAR DA MARCIANA;103;SEG/;DOM/;Ativo;-
35755;ISTOK;204;TER/;SEX/;Ativo;-
35758;ITU MANIA;111;QUI/;DOM/;Ativo;-
35759;DROGARIA SANTA CLARA;105;SEX/;SEX/;Ativo;-
35762;MERCEARIA MARZINOTI;106;QUI/;QUI/;Ativo;Em dia
35764;BAR DO PADEIRO;102;QUA/;QUA/;Ativo;-
35768;BAR DO PERNAMBUCO;109;QUA/;DOM/;Ativo;Em dia
35774;LANCHE DA TIA;201;SEG/;QUI/;Ativo;-
35776;MERC VIZACRI;102;SEX/;SEX/;Ativo;Inad
35781;CONV HORA CERTA;203;QUI/;SEG/;Ativo;-
35792;S F ALIANCA;308;SEX/;TER/;Ativo;Em dia
35799;SERV FESTA DO BOY;308;QUI/;SEG/;Ativo;Em dia
35800;RANCHO CANA DOCE;101;TER/;DOM/;Ativo;-
35803;SERV FESTA BARCELOS;108;TER/;DOM/;Ativo;-
35808;SERV FESTA AGUA VIVA;110;TER/;SEX/;Ativo;-
35813;ARAUJO SERV FESTA;307;QUA/;SAB/;Ativo;Em dia
35817;KWUS GOLDEN PARK;207;TER/;SEX/;Ativo;-
35818;SERV FESTA MARANGONI;106;SEX/;DOM/;Bloqueado;-
35819;CAFE SENADINHO;207;SEX/;TER/;Ativo;-
35820;MG SALGADERIA;103;QUA/;QUA/;Ativo;-
35830;BALBEK BAR E LA;202;SEX/;TER/;Ativo;Em dia
35831;KWUS ALTA VISTA;112;QUI/;QUI/;Ativo;-
35835;SUPER FERNANDO;303;SEG/;QUI/;Ativo;-
35837;SABORE ALIMENTOS;109;QUI/;DOM/;Ativo;Em dia
35841;COMERCIO DE FRUTAS E;108;SEG/;SEG/;Ativo;-
35844;SERV FEST DOSE DUPLA;309;QUI/;SEG/;Ativo;Em dia
35845;SERV FESTA FERREIRA;103;SEG/;DOM/;Ativo;-
35846;SERV FESTA DUAS VEND;111;TER/;TER/;Bloqueado;-
35851;S5 - S F DA LENE;112;TER/;SEX/;Ativo;-
35853;SERV FESTA ALMEIDA;112;QUI/;DOM/;Ativo;-
35856;ESPETINHO DO MIGUEL;203;SEX/;TER/;Ativo;-
35869;ADEGA DO VAQUEIRO;309;QUI/;SEG/;Ativo;Em dia
35870;REI CELL;103;SEG/;DOM/;Ativo;Inad
35891;BAR DO WAGNER;102;SEG/;SEG/;Ativo;-
35894;MERC DA ROSA;108;QUI/;SEG/;Ativo;-
35896;BRUTTUS 2.0;106;SAB/;DOM/;Ativo;-
35898;S5 - MARQUINHOS BAR;107;SEG/;QUI/;Ativo;-
35907;O REI DO PAO DE QUEI;105;TER/;SEX/;Ativo;Em dia
35910;SORVETERIA TROPICAL;112;SEG/;SEG/;Ativo;-
35926;BIEL BARBER;101;QUI/;DOM/;Ativo;Em dia
35934;LANCHE FRIGO NORTE;111;QUA/;QUA/;Ativo;-
35938;DISK AGUA CARDOSO;203;QUI/;DOM/;Ativo;Em dia
35945;MATHEUS HOT DOG;103;QUI/;QUI/;Ativo;-
35948;S5 - FARROUGRILL;205;TER/;SEX/;Ativo;Em dia
35950;JJ BEBIDAS;103;SEX/;SEX/;Ativo;-
35961;ESPETO SHREK E FIONA;112;TER/;DOM/;Ativo;-
35965;ADEGA VIRA COPOS;309;QUI/;SEG/;Ativo;Em dia
35968;FARM TOTAL POP MONTE;103;TER/;DOM/;Ativo;-
35969;DROGARIA TOTAL POP;111;QUA/;SAB/;Ativo;Em dia
35970;DROGARIA TOTAL POP;203;SAB/;SAB/;Ativo;-
35971;DROGARIA TOTAL POP;203;SEX/;DOM/;Ativo;-
35974;DISTRIB COPO CHEIO;107;SEG/;QUI/;Ativo;Em dia
35976;FUNDO D QUINTAL BEER;309;SEX/;TER/;Ativo;-
35984;EURO SUITE S.J.R.PRE;205;TER/;SEX/;Ativo;-
35987;S F DA BET;309;SEX/;TER/;Ativo;-
35993;EMPORIO SAO LUIS;309;SEX/;TER/;Ativo;-
36009;ESPETINHOS DU BOM;103;SEX/;SEX/;Ativo;-
36010;SERV FESTA POINT BEE;103;SAB/;DOM/;Ativo;-
36013;CONV PETROLEUM;203;SAB/;QUA/;Ativo;-
36014;ACAI DO PAI;111;QUI/;DOM/;Ativo;Inad
36029;SERV FESTA SETSUL;101;TER/;SEX/;Ativo;Em dia
36033;VIA NORTE SERV FESTA;309;SAB/;QUA/;Ativo;Em dia
36036;PIT STOP TONDATO;103;SEX/;DOM/;Ativo;-
36044;MAIS PARQUE BEBIDAS;204;TER/;SEX/;Ativo;-
36047;LSV PORTA TEMPEROS;204;SAB/;QUA/;Ativo;-
36049;MERCEARIA VILLA 7;101;TER/;TER/;Ativo;-
36051;MINIMERC DO MUTU;110;SAB/;DOM/;Ativo;-
36060;SERV FESTA RL;111;SEX/;TER/;Ativo;-
36062;S FESTA BEM GELADO I;107;SEG/;SEG/;Ativo;-
36073;RESTAURANTE BARDELA;203;QUI/;QUI/;Ativo;-
36077;BAR DA JO;110;TER/;DOM/;Ativo;-
36078;BAR E MERC DO ALEMAO;102;SEG/;SEG/;Ativo;-
36083;FRICARNE;104;SEG/;QUI/;Ativo;Inad
36087;DROGA NOVA;109;SEX/;SEX/;Ativo;-
36091;POSTO UNI PHILADELPH;309;QUI/;SEG/;Ativo;Em dia
36098;SERV FESTA GOLDEN;306;TER/;SEX/;Ativo;Inad
36146;MERCEARIA PRAXEDES;110;QUA/;SAB/;Ativo;Em dia
36400;ZAPPA S PRATIC;205;SEX/;TER/;Ativo;Em dia
36454;S5 - BAR DO ROBERTO;207;TER/;SEG/QUI/;Ativo;Em dia
40073;IRMAOS RUSSA;104;TER/;SEX/;Ativo;-
40579;REDE MAIS THERMAS;301;TER/;SEX/;Ativo;Em dia
40656;S5 - JVTAVARES IBIRA;301;TER/;SEX/;Ativo;Em dia
40667;S5 - SUP TAVARES;301;TER/;SEX/;Ativo;Em dia
40777;BAR S.SEBASTIAO;104;SAB/;QUA/;Ativo;-
40788;ECO BEER;308;QUI/;SEG/;Ativo;Em dia
41415;BAR DO ZEZINHO;104;SAB/;QUA/;Ativo;-
41570;AVENIDA SUPERMERCADO;309;TER/;SEX/;Ativo;-
41624;BAR 2 IRMAOS;104;SAB/;SAB/;Ativo;-
41701;PANIF LISBOA BRASIL;107;TER/;SEX/;Ativo;-
41767;SUP N SRA APARECIDA;301;QUI/;SEG/;Ativo;Em dia
41790;BAR DO TUBO;104;SEX/;TER/;Ativo;-
41976;MINIMERC SAO JOSE;104;SEX/;TER/;Ativo;-
42119;AUTO POSTO GIANINI;301;SEG/;QUI/;Ativo;-
42306;SUPERMERCADO BAILO;301;SEG/;QUI/;Ativo;Inad
43043;BAR STA TEREZINHA;104;SAB/;QUA/;Ativo;-
43274;BAR DE BONITO;102;SEG/;QUI/;Ativo;Em dia
43329;D AMICI BAR E REST;102;SEG/;SEG/;Ativo;-
43351;SILVIA SERV FESTA;308;TER/;SEX/;Ativo;Em dia
43626;BAR SRA APARECIDA;102;SEG/;QUI/;Ativo;Em dia
43791;BAR LANCH RODOVIARIA;102;SEX/;TER/;Ativo;-
44414;SUP IRMAOS PIANTA;301;SEX/;TER/;Ativo;Em dia
44540;PADARIA PROGRESSO;104;SEG/;QUI/;Ativo;-
44858;BAR E LANCHONETE CEN;104;SEX/;TER/;Ativo;-
45453;MERCEARIA IDEAL;309;QUA/;SAB/;Ativo;-
45522;KING HOTEL;207;SEX/;TER/;Ativo;-
45534;SERV LEV;304;SEG/;QUI/;Ativo;-
45546;BAR DO JOAO;106;QUA/;SAB/;Ativo;-
45549;MOTEL DORATO;101;QUA/;DOM/;Ativo;Em dia
45661;MERC SANTA LUCIA;107;QUI/;DOM/;Ativo;-
45683;SUPERMERC JAGUARE;102;SEG/;SEG/;Ativo;-
46150;S5 - PRAIA MARIANA;108;TER/;SEX/;Ativo;Em dia
47711;SERV FESTA CIDADE JA;306;SAB/;QUA/;Ativo;-
48675;MERCEARIA RUBIAO;105;SEG/;SEG/;Ativo;-
48895;AUTO POSTO JC;104;SAB/;QUA/;Ativo;Em dia
48941;PANIF BIG PAO;106;SAB/;QUA/;Ativo;Em dia
48983;CENOBELINO SERV.FE;110;QUA/;QUA/;Ativo;-
51107;MINI MERC GAZOLA;302;QUI/;SEG/;Ativo;Em dia
51216;BAR JOAO COSTA;112;TER/;SEX/;Ativo;Em dia
51232;MERC STO ANTONIO;106;SEG/;QUI/;Ativo;Em dia
51535;PADARIA ESQUINAO;106;SEG/;SEG/;Ativo;-
53211;PADARIA LUMA;111;TER/;SEX/;Ativo;-
53221;BAR MERC. PQ.FLORES;109;SEG/;DOM/;Ativo;-
54434;BAR MERC CAMBUI;101;SEX/;TER/;Ativo;-
54445;PANIF SANTA MARIA;107;QUI/;SEG/;Ativo;Inad
54514;MERCADO ZAMPOLLA;302;TER/;SEX/;Ativo;-
54547;SUP.FERNANDES;301;QUA/;SAB/;Ativo;Em dia
54553;MR FRANGO S;207;SAB/;QUA/;Ativo;-
54565;PORTO ALEGRE CHURRAS;205;TER/;SEX/;Ativo;Em dia
55226;PASTELARIA CEASA;204;TER/;SEX/;Ativo;Em dia
55227;CONVENIENCIA CHAPADI;302;SAB/;QUA/;Ativo;Em dia
55535;C CARNE RIO PRETO II;110;SAB/;QUA/;Ativo;-
55572;BAR DA CLEIA;110;SEX/;TER/;Ativo;-
55633;Panificadora Nossa S;110;QUA/;SAB/;Ativo;Em dia
55653;S5 - PASTELARIA MERC;207;SEX/;TER/;Ativo;-
57444;BOM GOURMET;207;SEG/;QUI/;Ativo;Em dia
57783;DELICIAS POR KILO;207;SEG/;QUI/;Ativo;Em dia
58751;BAR E MERC STO EXPED;110;SEG/;QUI/;Ativo;-
58833;BAR DA RODOVIARIA E;101;QUI/;QUI/;Ativo;-
58841;MERCADO ROSANI;304;SEX/;TER/;Ativo;Em dia
58865;PESQUEIRO ZE MINEIRO;102;QUI/;SEG/;Ativo;-
60005;SUPERMERC MIQUELETTI;303;QUI/;SEG/;Ativo;Em dia
60071;PADARIA CASARaO;101;QUA/;SAB/;Ativo;-
60170;LIDER BAR;101;QUA/;SAB/;Ativo;Em dia
60302;SUPERMERC FRANCHETTI;303;SEG/;QUI/;Ativo;-
60434;S5 - R SOL MAGAZINE;303;SEG/;QUI/;Ativo;-
60533;BAR DO CIDO;101;SAB/;QUA/;Ativo;Em dia
60541;CANAA S F;306;QUI/;SEG/;Ativo;Em dia
60687;MERC DESTASSI;303;SEG/;QUI/;Ativo;Em dia
60786;SUP NASCIMENTO;303;SEG/;QUI/;Ativo;-
60841;PANIF PAO DE PRATA;105;SAB/;QUA/;Ativo;Em dia
60863;SUPERMERCADO PIROTTA;303;QUI/;SEG/;Ativo;Em dia
60984;AMERICA LANCHES;202;SEX/;TER/;Ativo;-
61116;MERC NAZARETH;202;TER/;SEX/;Ativo;-
61171;MINI MERC BICO DOCE;303;QUA/;SAB/;Ativo;-
61246;BAILAO BAIUCA;202;SEX/;TER/;Ativo;Em dia
61468;BAR RENZETTI;105;SEX/;TER/;Ativo;-
61490;MINI MERCADO MESQUIT;109;TER/;DOM/;Ativo;Em dia
61556;MERC N SRA FATIMA;109;SEG/;DOM/;Ativo;-
61700;BAR BIANCHI;109;QUI/;SEG/;Ativo;Em dia
61864;MERCEARIA DO JUCA;109;QUI/;SEG/;Ativo;Em dia
61919;S5 - MERC FAMILY;105;TER/;SEX/;Ativo;-
62040;S5 - HARMONIA BAR;105;SEX/;TER/;Ativo;Em dia
62150;MERC STA CARLA;105;SAB/;SAB/;Bloqueado;-
62216;BAR UNIAO;105;SAB/;QUA/;Ativo;Em dia
62470;PADARIA FORNELLA;207;QUA/;SAB/;Ativo;-
62623;SUP PRIMAVERA;105;SAB/;DOM/;Ativo;-
62645;TARANTELLA;202;SEX/;TER/;Ativo;-
62931;SERV FESTAS PASCHOAL;306;SEG/;QUI/;Ativo;Em dia
63316;BAR RODOVIARIO;101;SEG/;SEG/;Ativo;-
63393;REST E BAZAR CARIJO;101;QUA/;DOM/;Ativo;Em dia
63477;SUP SAO DEOCLECIANO;303;QUA/;SAB/;Ativo;Em dia
63646;SUP CORNIANI;301;TER/;SEX/;Ativo;-
64574;CS DE C STA MONICA;101;TER/;DOM/;Ativo;-
64616;MERCADO HORTENCIA;301;QUA/;SAB/;Ativo;Em dia
66457;BAR DO ALEMAO;105;SAB/;QUA/;Ativo;-
67836;MINIMERC PONTO CERTO;109;SEX/;TER/;Ativo;-
68497;PANIF PAO DOURADO;110;SEG/;SEG/;Ativo;Em dia
68516;SORVETERIA TROPICAL;106;SEX/;SEX/;Ativo;-
68882;MERC UENO;309;QUA/;SAB/;Ativo;-
68893;BAR DO MARANHAO;110;SEG/;DOM/;Ativo;-
69950;BAR MERC SOBRADINHO;111;SEX/;TER/;Ativo;-
70004;PANIF.PAULICEIA;105;SEX/;DOM/;Ativo;-
70074;SERV FESTA TIO PANGA;204;SEG/;QUI/;Ativo;Em dia
70077;MANA POKE;207;SAB/;QUA/;Ativo;Em dia
70082;PIZZARIA NONNA NOSTR;202;SEX/;TER/;Ativo;-
70093;MARLUK SERV FESTA;306;TER/;SEX/;Ativo;Inad
70096;PARADA DAS BEBIDAS;309;QUA/;SAB/;Ativo;Em dia
70103;S F DO PAULO;307;SEG/;QUI/;Ativo;-
70107;SERV FESTAS LAGO SUL;308;SEX/;TER/;Ativo;-
70114;BAR DOS AMIGOSS;105;SEX/;TER/;Ativo;Em dia
70125;ACOUGUE DO BOLA;103;QUI/;SEG/;Ativo;-
70126;DOCURA CAFE;204;QUA/;DOM/;Ativo;-
70128;PASTELARIA CENTRAL;204;QUA/;QUA/;Ativo;-
70131;XANDAO LANCHES;103;SEG/;DOM/;Ativo;-
70132;ARN COPACABANA;105;QUA/;DOM/;Ativo;-
70137;SERV FESTA LUCAS;307;SEG/;QUI/;Ativo;Em dia
70140;VIA KLARO;203;SAB/;SAB/;Ativo;-
70154;S F SANTA ISABEL;202;QUI/;DOM/;Ativo;-
70157;MJOTA DISTRIBUIDORA;204;QUI/;SEG/;Ativo;-
70159;RAMOS SERV FESTA;308;SAB/;QUA/;Ativo;Em dia
70166;MERCEARIA LOURDES;106;TER/;SEX/;Ativo;-
70167;MAHALO SORVETERIA;102;QUA/;QUA/;Ativo;-
70168;BAO PADANA;201;TER/;DOM/;Ativo;-
70169;AOKI MERCEARIA;107;SEX/;TER/;Ativo;-
70171;J K CONVENIENCIA;302;TER/;SEX/;Ativo;Em dia
70176;S F DA PRACA;309;SEG/;QUI/;Ativo;Em dia
70177;SERV FESTA J E A;204;SAB/;QUA/;Ativo;Em dia
70178;BAR DO PORTUGUES;108;QUA/;DOM/;Ativo;Em dia
70185;BARRACA DA THAIS;108;SEX/;TER/;Ativo;-
70188;EMPORIO COSTA;107;QUI/;SEG/;Ativo;-
70190;TORONTO AUTO POSTO;309;QUI/;SEG/;Ativo;Em dia
70195;MERC DO AMARILDO;110;TER/;SEX/;Ativo;-
70197;EMPORIO SABIA;112;QUA/;SAB/;Ativo;Inad
70198;CONVENIENCIA ORINDIU;304;TER/;SEX/;Ativo;Inad
70200;S5 - BAR DO DURVAL;108;TER/;SEX/;Ativo;-
70202;REST DO PIMENTA;104;QUA/;DOM/;Ativo;-
70212;UAI CAFE;105;SEX/;TER/;Ativo;-
70214;S F CONQUISTA II;307;SEG/;QUI/;Ativo;Em dia
70216;BAR DA REGINA;112;QUA/;QUA/;Ativo;-
70220;ROLE EM CASA;207;QUA/;SAB/;Ativo;-
70221;PASTELARIA SCHIMIDT;101;QUI/;SEG/;Ativo;Em dia
70222;S F DO MAURICIO;204;QUI/;DOM/;Ativo;Em dia
70227;FAST4YOU GOLFE;309;QUI/;SEG/;Ativo;Em dia
70237;MERCEARIA FRANGUINHO;307;QUA/;SAB/;Ativo;Inad
70241;ALVES SERV FESTAS;306;QUI/;SEG/;Ativo;Em dia
70243;SALSA E COR GASTRO;203;SEX/;TER/;Ativo;-
70247;CONVENIENCIA IBIRA;301;TER/;SEX/;Ativo;Em dia
70250;PADARIA S TRIGO;106;QUA/;SAB/;Ativo;-
70256;S5 - BAR DO ROBERTO;207;TER/;SEG/QUI/;Ativo;Em dia
70260;INTERVALLO BAR;105;QUI/;SEG/;Ativo;Em dia
70261;LOPES HAMBURGUERIA;202;TER/;SEX/;Ativo;-
70263;MERCEARIA MACHADO;104;SEX/;TER/;Ativo;-
70265;DIVINA PADOCA;106;QUA/;QUA/;Ativo;Em dia
70267;S F ESPERANCA;307;SEG/;QUI/;Ativo;Em dia
70277;ALMIRANTE NORTE;306;SEX/;TER/;Ativo;Em dia
70278;CASA DO PASTEL;203;SAB/;QUA/;Ativo;-
70281;BAR SANTO EXPEDITO;102;QUI/;DOM/;Ativo;Em dia
70283;IRECE CLUBE;103;TER/;DOM/;Ativo;Em dia
70287;MERC NOVA ALIANCA;102;QUI/;QUI/;Ativo;Em dia
70288;DEBY S BARBEARIA;106;SEG/;DOM/;Ativo;-
70292;KAME YAKISSOBA;105;QUI/;DOM/;Ativo;-
70293;SACOLAO TERRA NOVA;111;SEG/;QUI/;Ativo;-
70298;BETAO GAS E AGUA;303;QUA/;SAB/;Ativo;Em dia
70300;RESTAURANTE CAIPIRA;107;SEX/;SEX/;Ativo;-
70301;PIZZUP;202;QUA/;SAB/;Ativo;Em dia
70312;MERC TONINHO;105;SEG/;QUI/;Ativo;Em dia
70314;LANCh E SORV PONT CH;108;QUA/;QUA/;Ativo;-
70320;SERV F TAGLIETTO;307;QUA/;SAB/;Ativo;Em dia
70321;EDINHO CORTES;204;QUI/;SEG/;Ativo;Inad
70322;EMARIAH;111;TER/;SEX/;Ativo;-
70324;PASTELARIA DO EDU;111;SEX/;TER/;Ativo;-
70325;BAR DURVALINO;105;QUA/;SAB/;Ativo;Em dia
70327;EMPORIO VIVENDAS;306;TER/;SEX/;Ativo;-
70340;S F CHEFE DAS BEB;307;SEG/;QUI/;Ativo;Em dia
70345;ROCKS BURGUERS;207;SEG/;QUI/;Ativo;-
70347;MERCEARIA TOLEDO;101;QUA/;QUA/;Ativo;-
70350;BUTECO GARAGEM;108;QUA/;QUA/;Ativo;Inad
70351;SERV FESTA JWL;111;QUA/;DOM/;Ativo;-
70355;PONTO DE ENCONTRO;108;TER/;DOM/;Ativo;-
70356;S5 - BAR DO SARGENTO;105;QUA/;SAB/;Ativo;Em dia
70357;SINUKAS BEER;308;QUA/;SAB/;Ativo;Em dia
70360;BAR DO MASSUM;111;SEG/;QUI/;Ativo;Em dia
70362;POINT DA ESQUINA;307;SEG/;QUI/;Ativo;Em dia
70366;PITSTOP ORINDIUVA;304;TER/;SEX/;Ativo;Em dia
70373;BARATINHO MINI MERC;107;SAB/;QUA/;Ativo;Em dia
70374;PADARIA TIA MARIA;103;TER/;TER/;Ativo;-
70377;AUTO POSTO CENTRAL;108;SEG/;QUI/;Ativo;-
70380;CHAPA QUENTE;201;TER/;DOM/;Ativo;Em dia
70384;CASA CHEIA BAR;111;QUI/;QUI/;Ativo;-
70386;BAR DOS AMIGOS;103;QUA/;SAB/;Ativo;Em dia
70388;CONVENIENCIA PITSTOP;308;TER/;SEX/;Ativo;Em dia
70390;MERC NOSSA SENHORA;112;QUI/;SEG/;Ativo;Em dia
70391;CASA DE C LISBOA;204;QUI/;SEG/;Ativo;-
70394;MONTE CARLO PALESTRA;204;TER/;SEX/;Ativo;-
70401;BAR DO MANOEL;204;TER/;SEX/;Ativo;-
70404;POP STORE;110;QUI/;SEG/;Ativo;Em dia
70408;CANA LOVERS;108;SAB/;SAB/;Ativo;-
70409;BETO LANCHES.;106;QUA/;QUA/;Ativo;-
70410;BARBAROS BARBEARIA;107;SEX/;TER/;Ativo;-
70418;SERV F DEZENOVE;307;TER/;SEX/;Ativo;-
70419;POSTO REGISSOL;204;SAB/;QUA/;Ativo;-
70420;BAZUKAS LANCHES;204;SEG/;QUI/;Ativo;-
70422;GRAMACHO HORTIFRUTI;103;QUI/;QUI/;Ativo;-
70426;MERCEARIA MARTINS;102;QUI/;SEG/;Ativo;-
70428;POINT DA COSTELA;103;TER/;SEX/;Ativo;-
70434;ROMERA SERVE FESTA;309;SEG/;QUI/;Ativo;Em dia
70442;PETISC AV II;108;QUA/;SAB/;Ativo;Em dia
70448;BAR DA VIOLA II;108;QUI/;SEG/;Ativo;Em dia
70466;BAR E REST PINGUIM;203;QUA/;SAB/;Ativo;Em dia
70467;BAR DO FAISCA;109;SEX/;TER/;Ativo;-
70481;IMPERIO BEBIDAS;308;QUA/;SAB/;Ativo;Em dia
70494;ARENA FUT;106;SEG/;QUI/;Ativo;-
70496;MERCEARIA FIORILLO;112;QUI/;QUI/;Ativo;-
70502;LEON BURGUER;201;SEG/;QUI/;Ativo;-
70508;SERV FESTA DO MOA;109;QUA/;SAB/;Ativo;-
70509;FINO SABOR II;110;QUI/;SEG/;Ativo;-
70512;SERV FESTA CENTRAL;309;TER/;SEX/;Ativo;-
70514;BAR DO JUNIOR;110;SEG/;QUI/;Ativo;Em dia
70518;S5 - SUP PENIEL BADY;305;QUI/;SEG/;Ativo;Inad
70522;PIZZARIA DAS MENINAS;103;SEG/;SEG/;Ativo;-
70526;SOCCER E BEER;201;TER/;SEX/;Ativo;-
70532;C DE CARNES PACAEMBU;112;SEG/;QUI/;Ativo;Em dia
70535;C CARNES PREMIER;109;TER/;DOM/;Ativo;-
70540;ESQUINAO DO R1;104;SEX/;TER/;Ativo;-
70542;CORAL PESCADOS;207;QUI/;SEG/;Ativo;Em dia
70550;S F DA HORA;307;QUI/;SEG/;Ativo;-
70558;OFICIALNET ESPORTES;205;SEG/;SEG/;Ativo;-
70570;M M SERV FESTA;307;SEG/;QUI/;Ativo;Em dia
70572;SERV FESTA JURITIS;307;SEX/;TER/;Ativo;Em dia
70573;SERV FESTA MIRANDA;110;SAB/;QUA/;Ativo;-
70578;BAR DO CASCAVEL;108;QUA/;SAB/;Ativo;-
70580;SERV FESTA ON LINE 2;109;SEX/;TER/;Ativo;-
70583;STUDIO VELOCITY;205;SEG/;QUI/;Ativo;-
70588;PIZZARIA DA PRACA;112;TER/;SEX/;Ativo;-
70590;GUELA;108;SEG/;QUI/;Ativo;-
70594;CASA DE CARNES REIS;112;SEX/;DOM/;Ativo;-
70596;DOCES TAILA;109;TER/;SEX/;Ativo;-
70611;BAR E MERC AMIGOS;106;SEG/;QUI/;Ativo;-
70616;SERV FESTAS SANTOS;204;SEG/;QUI/;Ativo;-
70618;MERCADO MENEZES BADY;301;SAB/;QUA/;Ativo;Em dia
70619;S5 - SERV SOL IV;303;QUI/;SEG/;Ativo;Em dia
70621;PADARIA RNA;102;QUI/;DOM/;Ativo;-
70625;PALESTRINIDADE OF;102;QUI/;SEG/;Ativo;Em dia
70627;CONV SOBRINHO;301;QUI/;SEG/;Ativo;Em dia
70628;SUP ECONOMICO;303;SEX/;TER/;Ativo;Em dia
70629;JM LANCHES;103;QUA/;QUA/;Ativo;-
70634;BAR DO FU;102;SEG/;DOM/;Ativo;-
70636;MERCEARIA BARBOSA;111;QUI/;SEG/;Ativo;Em dia
70641;ALEMAO SERV FESTA;309;QUA/;SAB/;Ativo;Em dia
70645;ARENA BR1;202;SEG/;QUI/;Ativo;Em dia
70646;SUP COMPRE AKI;304;QUA/;SAB/;Ativo;Em dia
70647;S F DO MARCIN;111;SEG/;QUI/;Ativo;-
70648;S5 - BAR AMIGO DA VI;203;QUA/;SAB/;Ativo;Em dia
70658;S FESTA AGUIA NEGRA;111;TER/;DOM/;Ativo;-
70686;BAR DO CLAUDIO;105;SAB/;QUA/;Ativo;Em dia
70700;BAR DO BIL;201;SEG/;SEG/;Ativo;-
70710;ZAP GAS E AGUA;110;TER/;SEX/;Ativo;-
70712;PANIFICADORA G V;203;TER/;SEX/;Ativo;-
70726;MERCEARIA SHALON;106;QUI/;QUI/;Ativo;-
70730;MINIMERCADO MARILU;304;SEX/;TER/;Ativo;-
70731;BAR E MERCEARIA BUEN;109;SEG/;QUI/;Ativo;-
70732;LANC. PAPOS e DRINKS;103;SEG/;DOM/;Ativo;-
70735;QUIOSQUE DO CHEF;106;QUA/;QUA/;Ativo;-
70736;EMPORIO SAO BERNADO;204;SEX/;TER/;Ativo;-
70738;ERIC BEBIDAS;307;QUA/;SAB/;Ativo;Em dia
70739;EST. E R. CALIFORNIA;203;QUA/;SAB/;Ativo;-
70743;ROSSETI CONVENIENCIA;103;SEG/;QUI/;Ativo;-
70744;REST BEIRA RIO;207;SEG/;QUI/;Ativo;-
70745;S5 - VO ROSA BAR E P;104;QUI/;SEG/;Ativo;-
70750;KUROKAWA;207;SEX/;TER/;Ativo;-
70751;ARTE DO PASTEL;202;SEG/;QUI/;Ativo;-
70752;BAR DO LEANDRO;107;SEG/;DOM/;Ativo;Em dia
70756;R PAO D QUEIJO PLAZA;205;SAB/;QUA/;Ativo;Em dia
70758;BAR DO RONALDO;104;TER/;DOM/;Ativo;-
70759;ALPENDRE PIZZARIA;101;SEG/;SEG/;Ativo;-
70761;FAVELA ZN PIPAS;110;SAB/;QUA/;Ativo;Em dia
70762;S5 - JVTAVARES CEDR;303;QUI/;SEG/;Ativo;Em dia
70862;BAR DO OSCAR;105;QUA/;DOM/;Ativo;-
71258;BAR MERC.UNIAO;109;SEG/;QUI/;Ativo;-
71368;LANCH COPACABANA;203;SEX/;TER/;Ativo;-
71412;MINI MERCADO RUVIERI;109;TER/;DOM/;Ativo;-
71808;BAR DO DEI;105;SEX/;TER/;Ativo;Em dia
72039;BAR SAO JOAO;105;SEX/;TER/;Ativo;-
72050;S5 - ESQUINA BAR;105;SEG/;QUI/;Ativo;Em dia
72072;PADARIA BELINHA;105;SEX/;TER/;Ativo;-
72380;SUPER MERC SILVA;109;TER/;SEX/;Ativo;-
72699;S5 - BAR CIRCULAR;203;SEX/;TER/;Ativo;Em dia
74312;MERCEARIA MIKLENI;304;SEX/;TER/;Ativo;-
75614;AUTO POSTO SALOME;303;QUA/;SAB/;Ativo;Em dia
76263;EMPORIO COMETA;105;SEG/;QUI/;Ativo;-
76911;VAREJAO NAPUREZA;203;QUA/;SAB/;Ativo;Em dia
77001;OFICIAL ANDALO;201;SEX/;TER/;Ativo;-
77005;BOI NO ESPETO;202;SEG/;QUI/;Ativo;Em dia
77006;S5 - BAR DO DIEGO;108;SEG/;QUI/;Ativo;Em dia
77012;ARENA SAO MATHEUS;202;QUA/;QUA/;Ativo;-
77015;PADARIA AVENIDA;102;SEX/;TER/;Ativo;-
77017;S5 - BAR DO NEGAO;204;QUI/;SEG/;Ativo;Inad
77018;SANDRA S FESTA;309;SAB/;QUA/;Ativo;Em dia
77019;ARMAZEM DA CARNE;111;SEX/;TER/;Ativo;-
77022;VENDA BOA VISTA;102;TER/;TER/;Ativo;-
77023;S5 - SKINA DO PALADA;106;QUA/;SAB/;Ativo;-
77024;TABACARIA VETORAZZO;110;QUA/;QUA/;Ativo;-
77029;LUIS SERV FESTA;308;TER/;SEX/;Ativo;-
77030;SENSEI LOUNGE;202;TER/;SEX/;Ativo;-
77044;S5 - JVTAVARES URUP;301;QUA/;SAB/;Ativo;Em dia
77045;S5 - JV TAVARES POTI;301;SEG/;QUI/;Ativo;Em dia
77047;SERV FESTA NIKITO 3;306;QUI/;SEG/;Ativo;-
77051;BAR DO JULIO;107;TER/;DOM/;Ativo;Em dia
77052;POSTO PALMEIRAS;301;SAB/;QUA/;Ativo;Em dia
77053;SAN MARINO CONVENIEN;102;SEG/;SEG/;Ativo;-
77060;SERV FESTA KR;103;QUI/;DOM/;Ativo;Em dia
77063;SUPERMERCADO LIDER;301;QUI/;SEG/;Ativo;Em dia
77067;BAR DO NEIA;102;QUA/;QUA/;Ativo;-
77070;BARBARIDADE;201;SEX/;TER/;Ativo;Em dia
77074;PADARIA MARIA CLARA;204;SEX/;SEX/;Ativo;-
77080;PRISMA S CABELEIREIR;105;SEG/;SEG/;Ativo;Em dia
77083;LUMIER ESPACO FEMINI;107;QUA/;SAB/;Ativo;-
77087;ETA SALGADOS;111;SEG/;QUI/;Ativo;-
77097;DONA LU CAFETERIA;101;SAB/;SAB/;Ativo;-
77102;BAR DA NEIA;110;SEX/;TER/;Ativo;-
77103;BAR DA JANETE;111;QUA/;SAB/;Ativo;Em dia
77106;SERV FESTA CASARAO;306;SEX/;TER/;Ativo;Em dia
77109;BARBEARIA BARBOSA;101;SEG/;QUI/;Ativo;Inad
77110;JULIA S LANCHES E PA;101;QUA/;DOM/;Ativo;-
77111;SERV FESTA MARRETA;308;SEG/;QUI/;Ativo;Inad
77112;CANTINHO DOCE;111;SEG/;DOM/;Ativo;-
77116;ELITE SERV FESTAS;307;SEX/;TER/;Ativo;-
77125;LA MOSTARDA;202;TER/;SEX/;Ativo;-
77126;LORENZO SERVFESTA;307;SEX/;TER/;Bloqueado;Em dia
77134;S5 - BAR DO SUCURI;101;SEG/;QUI/;Ativo;Em dia
77135;IMPERIO BEER;307;SAB/;QUA/;Ativo;-
77138;DULCE;207;SEG/;QUI/;Ativo;-
77140;BAR DO SABIA;108;SEX/;TER/;Ativo;-
77142;MK BEBIDAS;304;QUI/;SEG/;Ativo;-
77144;NOSSO PAO;204;SEG/;QUI/;Ativo;-
77145;SERV FESTA CORUJAO;307;TER/;SEX/;Ativo;Em dia
77148;S F TCHAU BRIGADU;306;QUI/;SEG/;Ativo;Em dia
77150;MULTIDROGAS ROSEIRAL;110;TER/;DOM/;Bloqueado;-
77152;DR SERV FESTA;306;QUI/;SEG/;Ativo;Em dia
77153;FUBA LANCHES;202;QUA/;QUA/;Ativo;-
77156;S F DA CLAUDINHA;307;SEG/;QUI/;Ativo;Em dia
77157;CONVENIENCIA JO;307;SAB/;QUA/;Ativo;Em dia
77162;SORVETERIA SOFT;106;SAB/;DOM/;Ativo;-
77163;SERV FESTA PORQUINHO;307;SEX/;TER/;Ativo;Em dia
77167;EMPORIO GARUTTI;105;QUA/;SAB/;Ativo;Em dia
77173;SERVFESTA GUIMARAES;308;SEG/;QUI/;Ativo;Em dia
77174;PASTELLONI;205;SAB/;SAB/;Ativo;-
77176;SERV FESTA 3K;112;SEX/;DOM/;Ativo;Inad
77177;PARADA EXPRESS;207;TER/;SEX/;Ativo;-
77181;BAR DO ALEMAO;205;SEG/;QUI/;Ativo;Em dia
77184;SERV FESTAS VIDA NOV;307;QUI/;SEG/;Ativo;Em dia
77185;S5 - BAR DO CARLITO;102;SEG/;QUI/;Ativo;Em dia
77188;BAR DA AMIZADE 2 E M;103;SEX/;DOM/;Ativo;Em dia
77191;MERCEARIA DO CHICO;101;SEX/;SEX/;Ativo;-
77192;ADEGA MICCIU;307;TER/;SEX/;Ativo;Inad
77193;B2 CONVENIENCIA;102;SEG/;SEG/;Ativo;-
77195;S5 - BAR DA NINA;109;SAB/;QUA/;Ativo;Em dia
77801;SERV FESTA DISK GELA;101;TER/;SEX/;Ativo;Em dia
77802;BAR DO PAULO;204;TER/;SEX/;Ativo;Em dia
77804;REI DOS FRIOS;207;TER/;SEX/;Ativo;-
77808;MOTEL STATUS;111;SAB/;DOM/;Ativo;-
77813;SILVA BAR;105;QUA/;SAB/;Ativo;Em dia
77815;SERV FESTA PAGIATTO;307;QUA/;SAB/;Ativo;Em dia
77816;SERV FESTA SOUSA;306;SEG/;QUI/;Ativo;-
77818;SERV FESTA NS AP;308;QUA/;SAB/;Ativo;-
77824;ESPETINHO TOCANTINS;108;SAB/;DOM/;Ativo;-
77832;BAR DO MARCO;109;QUI/;DOM/;Ativo;Em dia
77833;PADARIA E SAL JACI;106;SEX/;SEX/;Ativo;-
77835;EXTRA FACIL SUPERMER;309;SEX/;TER/;Ativo;-
77836;SERV FESTA PARCERIA;306;QUI/;SEG/;Ativo;Em dia
77839;ARMAZEM IMPERIO REAL;309;QUA/;SAB/;Ativo;Em dia
77840;CHURRASCARIA DO SOL;205;SEX/;TER/;Ativo;-
77845;DISTRI. GAS BRASIL;106;QUI/;SEG/;Ativo;Em dia
77850;GUGA SERV FESTAS;306;SEG/;QUI/;Ativo;Em dia
77852;PIZZARIA DOIS IRMAOS;202;QUI/;QUI/;Ativo;-
77853;PIT STOP GRIMAES;102;TER/;SEX/;Ativo;-
77854;FIDELIS SERV FESTA;201;QUI/;SEG/;Ativo;Em dia
77855;PONTAO BAR 2;107;SEG/;DOM/;Ativo;Em dia
77856;MERCADO DO GURIZINHO;304;QUA/;SAB/;Ativo;Em dia
77857;ARMAZEM DO CHURRASCO;203;SEX/;DOM/;Ativo;-
77858;ISTOK DAMHA 1;105;TER/;TER/;Ativo;-
77859;VILLA CALUI PIZZARIA;201;QUA/;SAB/;Ativo;Em dia
77861;DROGARIA IZABEL;106;SAB/;DOM/;Ativo;-
77867;GAUCHO ESPETARIA;111;TER/;DOM/;Ativo;-
77869;SERV FESTA UNIAO;308;SEX/;TER/;Ativo;Em dia
77870;BONIFACIANO;107;TER/;SEX/;Ativo;Em dia
77873;PADARIA DOCE LAR;103;QUI/;QUI/;Ativo;Em dia
77875;S5 - BAR DO LU;101;TER/;DOM/;Ativo;-
77876;PALACIO DAS BEBIDAS;308;SEG/;QUI/;Ativo;Em dia
77890;LANCHONETE IVAIR;204;TER/;SEX/;Ativo;Em dia
77892;POSTO VILA BORGHESE;309;SEG/;QUI/;Ativo;Em dia
77894;BARRACAO PETISC;109;SEX/;TER/;Ativo;-
77900;BEE COFFE;207;QUI/;SEG/;Ativo;-
77903;ATAC CARNES LINHAO;110;QUI/;SEG/;Ativo;-
77905;BAR MERCEARIA TUCANO;108;QUI/;DOM/;Ativo;Em dia
77906;SUPER POP SOLO;307;TER/;SEX/;Ativo;-
77909;CONVENIENCIA TRS;309;SEG/;QUI/;Ativo;Em dia
77913;MERCEARIA CLAUDIO;112;TER/;SEX/;Ativo;-
77914;BINHO SERV FES E MER;306;QUI/;SEG/;Ativo;Em dia
77915;DISTRIBUIDORA POLONI;103;QUA/;SAB/;Bloqueado;-
77917;LATICINIO SAO JOSE;205;SEG/;QUI/;Ativo;-
77919;DROGARIA INOVA;101;TER/;TER/;Ativo;-
77922;POINT DA BEBIDA;110;SEG/;QUI/;Ativo;-
77925;SF PEIXES BAL;307;SAB/;QUA/;Ativo;-
77928;ARENA VIGNA;205;QUI/;SEG/;Ativo;Em dia
77929;SERV FESTA GOIANO;307;QUA/;SAB/;Ativo;-
77933;MC BEBIDAS;204;TER/;DOM/;Ativo;-
77937;S5 - MIURA S BAR;202;QUI/;SEG/;Ativo;-
77941;NUGRILL HAMBURGUERIA;202;QUI/;SEG/;Ativo;-
77944;FAMILIA DAS BEBIDAS;304;QUI/;SEG/;Ativo;Em dia
77945;JANELA DO ACAI;105;QUI/;SEG/;Ativo;Em dia
77947;LC TERRA DO SOL;301;QUA/;SAB/;Bloqueado;-
77951;S F ANDRE;307;TER/;SEX/;Ativo;Em dia
77956;BAR DO GIL;108;SAB/;DOM/;Ativo;-
77959;BIG BROTHER PIZZARIA;202;QUA/;SAB/;Ativo;-
77962;PHARMA LIDER;110;QUI/;QUI/;Ativo;-
77965;VILLA MERCEARIA;109;SAB/;DOM/;Ativo;-
77966;REST TEMPERO GOIANO;112;QUA/;DOM/;Ativo;-
77968;DINO BARBECUE;202;QUA/;SAB/;Ativo;Em dia
77969;EMPORIO PARIS;105;SEX/;TER/;Ativo;-
77970;RESTAURANTE ROCETE;112;SEG/;QUI/;Ativo;Em dia
77974;GALDERIU S;201;SEG/;QUI/;Ativo;Em dia
77975;MARLI SERV FESTA;112;SAB/;QUA/;Ativo;Em dia
77978;S5 - ESPETARIA BOA V;202;SEG/;QUI/;Ativo;Em dia
77979;MERCEARIA DO RENATO;106;SEG/;QUI/;Ativo;-
79920;GRILETTO;205;SAB/;QUA/;Ativo;Em dia
79921;RESTAURANTE JANGADA;207;SAB/;QUA/;Ativo;Em dia
80113;LANCHONETE TURIUBA;203;QUA/;DOM/;Ativo;-
80333;MERCEARIA RIO PRETO;105;SEG/;SEG/;Ativo;-
80542;LANCH TOQUINHO;203;SEX/;TER/;Ativo;-
80630;REI P DE QUEIJO BADY;207;SEG/;QUI/;Ativo;-
80641;COLESEU REST.;207;SEX/;TER/;Ativo;-
80696;TREMURA SERV FESTA;306;QUA/;SAB/;Ativo;-
81389;ITAMARATI HOTEL;203;QUA/;SAB/;Ativo;Em dia
81554;BAR GENERAL;203;SEX/;TER/;Ativo;-
81642;LANCHONETE RIVIERA;203;SEX/;DOM/;Ativo;Em dia
81719;BAR MERC DUDA;110;SEX/;TER/;Ativo;-
81807;KIBERAMA CENTRO;207;SEX/;TER/;Ativo;Em dia
81917;MERCEARIA CORREIA;110;SEX/;TER/;Ativo;-
82368;MERC.N.S.APARECIDA;110;SEX/;TER/;Ativo;-
82456;PIQUE LANCHES;105;SEG/;QUI/;Ativo;-
82577;PADARIA PAO SAG;111;QUA/;SAB/;Ativo;-
82797;LANCHONETE ARABELLA;203;SEX/;DOM/;Ativo;-
83009;MARIANO S BAR E REST;203;TER/;TER/;Ativo;-
83011;MERCADO DONNALU;309;SEX/;TER/;Ativo;-
83016;NEKAMI;205;SEG/;SEG/;Ativo;-
83023;CASA DE CARNES ESPAN;203;SEG/;QUI/;Ativo;-
83024;KA E KA SERV F;307;TER/;SEX/;Ativo;-
83025;DROGARIA BEM ESTAR;110;SEX/;TER/;Ativo;-
83027;EMPORIO KAZU;203;QUI/;SEG/;Ativo;-
83028;WOOH CONVENIENCIA;309;SEX/;TER/;Ativo;-
83029;GIARDINO BAR;205;SEG/;TER/QUI/SEX/;Ativo;Em dia
83030;ROSE LANCHES;105;TER/;SEX/;Ativo;-
83032;BAR D PERNAMBUC;106;SEG/;QUI/;Ativo;Em dia
83033;SETE COPAS S FESTA;307;SAB/;QUA/;Ativo;Em dia
83036;S F PONTO CERTO;306;QUA/;SAB/;Ativo;Em dia
83037;S5 - CUCA FRESCA;106;QUI/;SEG/;Ativo;Em dia
83038;IMPERIAL PADARIA;110;TER/;SEX/;Ativo;-
83043;BAR DO GUEDES;112;SEG/;QUI/;Ativo;Em dia
83045;S5 - GEOVANO TORRESM;207;QUI/;SEG/;Ativo;Em dia
83047;SERV F BAIANO;101;QUI/;SEG/;Ativo;Em dia
83048;PADARIA GRATIDAO;111;QUA/;DOM/;Ativo;Em dia
83049;UAI CAFE III;101;SEX/;TER/;Ativo;-
83054;TOBIAS SERV FESTAS;308;SEG/;QUI/;Ativo;Em dia
83056;DREAMS FOODS;101;QUI/;DOM/;Ativo;-
83065;BAR E SF AUGUSTO;112;SAB/;QUA/;Ativo;-
83068;DEPOSITO DE BEBIDAS;309;QUA/;SAB/;Ativo;Em dia
83073;BAR DA VAL;104;QUA/;SAB/;Ativo;Em dia
83077;TECO S BAR;108;QUI/;SEG/;Ativo;Em dia
83078;TO DI BOA;204;QUI/;SEG/;Ativo;Em dia
83081;S5 - ESTANCIA MARIA;107;QUA/;SAB/;Ativo;Em dia
83086;MERCADO BOIADEIRO;304;SEG/;QUI/;Ativo;-
83093;MADALENA BAR;201;QUA/;TER/;Ativo;Em dia
83094;PASTEL DO GAUCHO;109;QUI/;QUI/;Ativo;Em dia
83097;BAR DO ALEMAO;102;SAB/;DOM/;Ativo;-
83102;PESQUEIRO ALVORADA;101;QUA/;DOM/;Ativo;-
83103;TRAILER DO DANILO;107;QUI/;SEG/;Ativo;Em dia
83104;NUTRIAL;204;QUI/;SEG/;Ativo;-
83105;SERV FESTA;106;TER/;DOM/;Ativo;-
83106;TRINDADE RESTAURANTE;207;SEG/;QUI/;Ativo;-
83107;JUAN BRAVO;205;QUA/;SAB/;Ativo;Em dia
83108;JUBALOO BUFFET;107;SEG/;DOM/;Ativo;-
83112;EMPORIO BEBIDAS;102;QUI/;QUI/;Ativo;-
83115;BATATA LANCHES;203;SEG/;QUI/;Ativo;-
83118;BOM CAFE;203;SEG/;DOM/;Ativo;Inad
83119;ADRIANA SALGADOS;203;SEG/;QUI/;Ativo;-
83120;SIBELE LANCHES;203;SEG/;QUI/;Ativo;-
83121;TANIA SALGADOS;203;SEG/;QUI/;Ativo;-
83126;SILVA LANCHES;203;SEG/;QUI/;Ativo;-
83127;TRAILER DO SERGIO;109;QUI/;SEG/;Ativo;-
83129;BOTECO DO PAULI;106;SAB/;QUA/;Ativo;-
83134;NIHON LEE RESTAURANT;207;SEX/;TER/;Ativo;Em dia
83135;BAR AZUL 2;109;QUI/;SEG/;Ativo;Em dia
83139;HOUSE BURGUER;201;TER/;SEX/;Ativo;-
83149;BAR DO NETO;105;SEG/;SEG/;Ativo;Em dia
83161;VAREJAO IBIRA;102;QUA/;DOM/;Ativo;Em dia
83163;HAKANAI RESTAURANTES;205;SEG/;QUI/;Ativo;Em dia
83165;IMPERIO D;106;TER/;SEX/;Ativo;-
83167;BAR DO MARROA;107;TER/;SEX/;Ativo;-
83174;S5 - QUIOSQUE DA PAT;109;SEX/;TER/;Ativo;-
83175;PRIMOS PIZZA;201;SEG/;QUI/;Ativo;-
83177;PADARIA BILLY;107;QUA/;SAB/;Ativo;-
83184;BAR E MERC DOS AMIGO;104;SEG/;SEG/;Ativo;-
83185;INFINITY CERRADAO;107;QUI/;SEG/;Ativo;Em dia
83186;SABOR DA FAZENDA;107;QUA/;SAB/;Ativo;-
83195;MARIAH RESTAURANTE;107;QUA/;DOM/;Ativo;-
83196;PAO DE PRATA SESI;101;SAB/;QUA/;Ativo;-
83200;MERCEARIA E SACOLAO;107;TER/;SEX/;Ativo;-
83202;SELMA BAR;111;SEG/;QUI/;Ativo;Em dia
83207;TAIYO SUSHI;205;SEX/;TER/;Ativo;-
83209;RUTS BAR E MERC;112;SEX/;SEX/;Ativo;Em dia
83211;TEXANS BURGUER;207;TER/;SEX/;Ativo;Em dia
83214;MERCADO PREDILETO;104;SAB/;QUA/;Ativo;-
83216;VAVA HORTIFRUTI;112;SEX/;SEX/;Ativo;-
83217;VARIEDADES JA;103;SEG/;DOM/;Ativo;-
83220;ARENA BEACH CLUB;108;SEG/;SEG/;Bloqueado;-
83226;MERCADO SERVBEM;106;TER/;SEX/;Ativo;-
83228;EDUARDA SERV FESTA;112;QUA/;DOM/;Ativo;Em dia
83238;COWBOY PADARIA;109;QUA/;QUA/;Ativo;-
83239;SERV FESTA POINT;204;SAB/;QUA/;Ativo;Em dia
83244;S F DO BAIANO;309;QUI/;SEG/;Ativo;Em dia
83246;RECANTO NORDESTINO;109;SEX/;TER/;Ativo;Em dia
83249;SERV FESTA DA ELI;307;TER/;SEX/;Ativo;Inad
83254;SERV FESTA IBIRA;309;QUA/;SAB/;Ativo;Em dia
83256;A ESQUINA;308;TER/;SEX/;Ativo;Inad
83258;POINT DOS SALGADOS;103;SEG/;SEG/;Ativo;-
83279;LIKES RESTAURAN;205;QUI/;SEG/;Bloqueado;-
83283;OASIS MERCADO;102;QUI/;DOM/;Ativo;Em dia
83288;TURCO HAMBURGUERIA;102;TER/;DOM/;Ativo;Em dia
83289;FRIGO ESTRELA;205;SEX/;TER/;Ativo;-
83290;RECICLA POLONI;103;QUA/;SAB/;Ativo;Em dia
83299;BAR DO MARCAO;106;TER/;DOM/;Ativo;Em dia
83302;SANTO EXPEDITO;103;SEG/;DOM/;Ativo;Em dia
83304;BAR GUIMARAES;106;SEX/;TER/;Ativo;-
83305;BOUTIQUE DOS PAES;204;SEX/;TER/;Ativo;-
83308;S5 - ESPETINHO DO GA;202;QUI/;DOM/;Ativo;-
83310;CS DE CARNES RIBEIRO;204;SEG/;QUI/;Ativo;-
83313;SUPERMERCADO PEG LEV;304;SEG/;QUI/;Ativo;Em dia
83315;LUCINEIA BATISTA VE;103;QUA/;SAB/;Ativo;Em dia
83316;CONV SAIDEIRA;102;SEX/;TER/;Ativo;Inad
83317;MERCEARIA E SERV FES;112;QUA/;SAB/;Ativo;Em dia
83318;MINIMERCADO ROCHA;101;QUI/;DOM/;Ativo;Inad
83319;RESTAURANTE SAO JOSE;204;TER/;DOM/;Ativo;-
83320;KIATO SUSHI BAR;202;TER/;SEX/;Ativo;-
83321;DAYA SUSHI BAR;205;SEX/;TER/;Ativo;-
83324;BAR DO GUINA;103;QUA/;SAB/;Ativo;Em dia
83328;TOKYO SUSHI BAR;201;QUI/;SEG/;Ativo;-
83329;MERCEARIA DO EDIMAR;106;QUI/;DOM/;Ativo;-
83330;FARMAGI;108;QUA/;SAB/;Ativo;-
83332;PADARIA MULTIPAO;109;TER/;DOM/;Ativo;-
83339;SERV FESTA JR;307;SEX/;TER/;Ativo;-
83343;VILLA DO CUPIM;105;SEX/;SEX/;Ativo;-
83344;ESTACAO SAMBAR;201;SEG/;SEG/;Ativo;-
83346;AUTO POSTO RP;204;QUA/;SAB/;Ativo;Em dia
83349;PALACIO DOS SORVETES;102;SEX/;DOM/;Ativo;-
83353;SERV FESTA FAGNANI;110;QUA/;DOM/;Ativo;-
83354;GREGO NO PAO;207;QUA/;SAB/;Ativo;-
83359;LAH PIZZA;202;QUI/;QUI/;Ativo;-
83362;C DE CARNES DA MAMAE;207;TER/;SEX/;Ativo;-
83364;BOTECO DOS REIS;204;QUI/;SEG/;Ativo;Em dia
83365;MERCADO SOL NASCENTE;302;TER/;SEX/;Ativo;-
83371;MINI MERCADO SOUSA S;103;SAB/;DOM/;Ativo;-
83376;PADARIA PARQUE;102;QUI/;SEG/;Ativo;-
83380;PARAISO DOS PEIXES;104;QUI/;SEG/;Ativo;Em dia
83389;TRADDICIONAL PIZZAS;201;TER/;DOM/;Ativo;-
83393;BAR DO CHICO;107;SEX/;TER/;Ativo;-
83394;MINIMERCADO LIDER;304;SEX/;TER/;Ativo;-
83396;ESPET SNT FELICIDADE;207;QUA/;QUA/;Ativo;-
83401;PASTELARIA SAO JOAO;105;SEG/;SEG/;Ativo;-
83402;DONA GINA MARMITARIA;107;SAB/;SAB/;Ativo;-
83403;DIVINO SABOR;103;QUA/;QUA/;Ativo;-
83407;CONFEITARIA FAMILY;101;TER/;SEX/;Ativo;-
83410;OKASAN TEND TUDO;203;SAB/;QUA/;Ativo;-
83411;BANCA TROPICAL;105;SAB/;SAB/;Ativo;-
83412;PONTO DO ESPETO;112;TER/;SEX/;Ativo;-
83414;S5 - PROENCA MIRA;305;SEG/;QUI/;Ativo;Em dia
83417;EMPORIO VARIEDADES;112;SAB/;QUA/;Ativo;-
83421;S5 - ESPETO F.C.;202;QUI/;SEG/;Ativo;-
83426;BAR DO DI PIQUETTI;102;QUA/;QUA/;Ativo;-
83427;REST DIONISIO 88;106;QUA/;DOM/;Ativo;Em dia
83428;LOJAO AS VARIEDADES;104;TER/;TER/;Ativo;-
83429;MORELLITO SORVETERIA;203;SEX/;SEX/;Ativo;-
83430;ESSENTIAL SERVICE RP;203;SEG/;QUI/;Ativo;-
83431;SERV FESTA CASTRO;309;SEX/;TER/;Ativo;-
83436;CHURRITTO LANCHONETE;102;QUI/;DOM/;Ativo;-
83438;PAULINHO SALGADOS;102;SEG/;SEG/;Ativo;-
83439;MINI MERCAD CAPRICHO;109;TER/;SEX/;Ativo;Em dia
83440;MERC VITORIA;302;SEX/;TER/;Ativo;-
83442;S5 - MADE IN BRAZIL;201;QUI/;TER/;Ativo;-
83443;AVEND;105;TER/;SEX/;Ativo;-
83444;ADEGA MS;204;SEX/;TER/;Ativo;-
83452;ADEGA DO GORDO;306;SEG/;QUI/;Ativo;Em dia
83456;S F OLIVARES;306;SAB/;QUA/;Ativo;Em dia
83460;SERV FESTA REAL;203;QUI/;SEG/;Ativo;-
83461;PASTELARIA FUJI;201;SEG/;DOM/;Ativo;-
83462;BAR E MEC DINAPOLI;101;SEG/;QUI/;Ativo;Em dia
83463;BAR E MERC TAVARES;102;TER/;SEX/;Ativo;-
83464;SERV FESTA JS BEBIDA;102;SEX/;TER/;Ativo;-
83466;REI DO BARRIL;104;SEX/;DOM/;Ativo;-
83467;TOP SUPERMERCADO;304;TER/;SEX/;Ativo;Em dia
83468;MERCADO MACHADO;303;SEG/;QUI/;Ativo;Em dia
83473;SERV FESTA ALMIRANTE;306;SEX/;TER/;Ativo;Inad
83474;S F DO BAIANO;307;QUA/;SAB/;Ativo;Em dia
83475;ADEGA OLIVEIRAS;111;QUI/;DOM/;Ativo;Em dia
83476;MERC PALESTRA;302;SAB/;QUA/;Ativo;Em dia
83478;BIFE BURGUER PIZZ...;201;QUI/;QUI/;Ativo;-
83481;DISTRIBUIDOR IMPERIO;308;SEX/;TER/;Ativo;Inad
83489;LATICINI RICHO DOCE;207;QUI/;SEG/;Ativo;-
83493;HAUY BAR E REST;202;TER/;SEX/;Ativo;Em dia
83495;ESQUINA DO SABOR;105;SEX/;TER/;Ativo;-
83496;SKINA DO SALGADO;105;SEX/;TER/;Ativo;-
83497;EMPORIO DA BREJA;307;QUI/;SEG/;Ativo;Em dia
83498;BATATA PALHA LANCHE;202;SEX/;TER/;Ativo;Em dia
83500;POSTO FEDERAL;109;SEG/;QUI/;Ativo;-
83501;PIT STOP BRIGADEIRO;203;QUI/;SEG/;Ativo;Em dia
83502;PIT STOP TALHADO;112;QUI/;SEG/;Ativo;Em dia
83504;PIT STOP SCHIMIDT;306;SEG/;QUI/;Ativo;-
83506;PIT ST MIRASSOLANDIA;111;QUA/;QUA/;Ativo;-
83507;PIT STOP GALEAZI;307;QUA/;SAB/;Ativo;-
83508;PIT STOP ALVORADA;204;SEX/;SEX/;Ativo;-
83509;PIT STOP POTIRENDABA;306;TER/;SEX/;Ativo;-
83510;POSTO VISAO FUTURO;111;SAB/;QUA/;Ativo;-
83511;POSTO JAYA;105;QUA/;SAB/;Ativo;-
83514;ZE DO PASTEL;111;QUA/;SAB/;Ativo;-
83515;BOLOLO BOLOS;110;QUA/;SAB/;Ativo;Em dia
83519;REST CASA E COZINHA;203;SEG/;SEG/;Ativo;-
83527;PARIS EVENTOS;205;QUI/;QUI/;Ativo;-
83534;MONTE CARLO SQUARE;203;QUI/;QUI/;Ativo;-
83537;FADA DAS BATATAS;107;SEX/;DOM/;Ativo;Inad
83539;JN AUTO POSTO;106;TER/;DOM/;Ativo;-
83548;GUIRADO S SNACK BAR;203;QUI/;SEG/;Ativo;-
83549;DROGARIA ZONA SUL;107;QUI/;SEG/;Ativo;Em dia
83552;BARBEARIA DON RAMON;205;QUA/;QUA/;Ativo;-
83555;SUPER DOGAO DO DOUGL;201;TER/;DOM/;Ativo;-
83558;SUPERMERCADO SORAYA;304;SAB/;QUA/;Ativo;Inad
83559;MERCADO MS;304;QUA/;SAB/;Ativo;Em dia
83560;CONV 2 IRMAOS;302;SEG/;QUI/;Ativo;Em dia
83566;BLACK COFFEE RP;203;QUA/;SAB/;Ativo;-
83567;MARCUS LANCHES;108;TER/;DOM/;Ativo;-
83569;S5 - PRAIA MARIANA 2;108;SEX/;TER/;Ativo;Inad
83570;CASA DOS PAES;105;QUI/;SEG/;Ativo;-
83573;BAR DO LUIS;104;QUA/;DOM/;Ativo;Em dia
83577;ESPETIN DO LUIS;104;QUI/;SEG/;Ativo;Em dia
83578;KE SALGADOS;112;TER/;DOM/;Ativo;-
83580;ASTRAL SERV-FESTA;110;SEG/;QUI/;Ativo;Em dia
83584;DIONISIO 88;112;QUA/;DOM/;Ativo;-
83585;NITRO CONVENIENCIA;308;QUI/;SEG/;Ativo;Em dia
83588;HORTI SEM PALAVRAS;111;SEG/;QUI/;Ativo;-
83591;REFUGIO DO PESCADOR;101;QUA/;DOM/;Ativo;Em dia
83593;POINT DA COSTELA;106;QUI/;SEG/;Ativo;-
83594;CASA DE CARNES VITOR;101;SAB/;QUA/;Ativo;-
83595;SERV FESTA 017;105;SEX/;SEX/;Ativo;-
83596;MERCEARIA VOLPI;112;SEG/;QUI/;Ativo;-
83600;SERV FESTA KI-FITT;101;SAB/;QUA/;Ativo;-
83601;BAR SAO PEDRO;104;SEX/;DOM/;Ativo;-
83604;SANCA IN RIO;201;SEX/;TER/;Ativo;Em dia
83606;BAR ACONCHEGO;112;SEG/;QUI/;Ativo;Em dia
83607;LANCHONETE CENTRAL;107;QUA/;SAB/;Ativo;Em dia
83608;DEGUSTE PADARIA;205;SAB/;QUA/;Ativo;Em dia
83609;PADARIA AEROPORTO;110;QUA/;SAB/;Ativo;Em dia
83611;ESPETOS DA EDDI;103;QUI/;QUI/;Ativo;-
83613;ALL IN BURGUER;104;SEG/;QUI/;Ativo;Inad
83614;CS DO NORTE DA CIDA;109;QUA/;QUA/;Ativo;-
83617;ISTOK PANTHEON;203;SAB/;SAB/;Ativo;-
83621;S F RODRIGUES;307;SEX/;TER/;Ativo;Em dia
83623;DROG STA TEREZINHA;110;QUA/;QUA/;Ativo;-
83625;DROGARIA MARIFARMA;108;QUA/;DOM/;Ativo;-
83626;LANCHONETE HAYASHI;204;QUA/;DOM/;Ativo;-
83627;EMPORIO ILCA;108;QUI/;DOM/;Ativo;Em dia
83628;G . AUTO POSTO;204;SEX/;TER/;Ativo;-
83629;S F FIAO;111;TER/;SEX/;Ativo;Em dia
83634;DISTRIBUIDORA EKYAM;111;SAB/;QUA/;Ativo;-
83636;HORTIFRUTI PRIMAVERA;303;SAB/;QUA/;Ativo;Em dia
83639;PE DE SALVIA;101;TER/;DOM/;Ativo;-
83640;ARENA TUCK;109;SAB/;QUA/;Ativo;Em dia
83641;CS DE CARNES XAVIER;110;SEX/;TER/;Ativo;Em dia
83642;S5 - BAR SABATIN;106;QUI/;SEG/;Ativo;Em dia
83646;FLOR DA SAMAMBAIA;203;QUI/;SEG/;Ativo;-
83648;SERV FESTA DU GAS;204;SEG/;QUI/;Ativo;-
83650;PONTO DA BEBIDA;306;SAB/;QUA/;Ativo;Em dia
83651;SERV FESTA KURINGAO;307;TER/;SEX/;Ativo;-
83652;MERCEARIA CEBOLAO;112;SEG/;QUI/;Ativo;-
83653;GUAP FARMA DROGARIA;109;SEX/;DOM/;Ativo;-
83656;S5 - SANTA MASSA;201;QUI/;SEG/;Ativo;-
83658;MERC IRMAOS FORTUNAT;112;QUI/;DOM/;Ativo;Em dia
83660;SUPERMERC AUGUSTONI;301;TER/;SEX/;Ativo;-
83661;CONVENIENCE BUY FAST;203;QUI/;SEG/;Ativo;Em dia
83662;LEIA RESTAURANTE;104;QUI/;SEG/;Ativo;Em dia
83664;SERV FESTA GARCIA;308;QUI/;SEG/;Ativo;Em dia
83670;MESSIAS MARQUES JOSE;104;QUI/;DOM/;Ativo;Em dia
83671;CASA DE CARNES AGATH;111;TER/;SEX/;Ativo;-
83673;SONINHA BEBIDAS;307;SAB/;QUA/;Ativo;-
83674;SUP FAVORITO 2;304;TER/;SEX/;Ativo;-
83675;GREMIO LITERARIO PF;108;SEG/;QUI/;Ativo;-
83676;BOM BEEF SJRP;205;TER/;SEX/;Ativo;-
83678;MONTE CARLO EVENTOS;204;TER/;SEX/;Ativo;-
83680;BAR DO VEIO;107;QUI/;SEG/;Ativo;-
83682;PADOKA;109;QUI/;DOM/;Ativo;-
83683;MM DISTRIBUIDORA;106;SEX/;TER/;Ativo;-
83685;DISTRIB PICININI;306;QUI/;SEG/;Ativo;Em dia
83686;BAR DOS AMIGOS;104;SEG/;SEG/;Ativo;-
83687;BAR DA PATRICIA;103;QUI/;QUI/;Ativo;-
83690;FEUDAL BURGUER;201;SEX/;TER/;Ativo;-
83695;STAR BEER;101;QUI/;SEG/;Ativo;-
83697;POINT DAS BEBIDAS;308;QUA/;SAB/;Ativo;Em dia
83698;BORA LA;309;TER/;SEX/;Ativo;-
83700;SALOON BAR;101;SEX/;DOM/;Ativo;-
83703;GELLANCAF ALIMENTOS;105;QUI/;SEG/;Ativo;-
83706;CAPRICCIOSA PIZZARIA;104;SAB/;QUA/;Ativo;-
83708;PANIF RAMOS;112;SEG/;DOM/;Ativo;-
83713;BARZIN;201;QUI/;QUA/;Ativo;Em dia
83714;ADEGA 7 COPAS;307;QUA/;SAB/;Ativo;Em dia
83717;PIZZARIA ST;112;TER/;DOM/;Ativo;Em dia
83718;RPSOP;207;SEG/;DOM/;Ativo;-
83719;HORTIFRUT PANIAGUA;203;SEG/;SEG/;Ativo;-
83720;RODEIO COUNTRY BULLS;205;QUI/;QUI/;Ativo;-
83721;EMPORIO J;203;SEG/;QUI/;Ativo;Em dia
83724;PIZZARIA DA FAMILIA;104;QUI/;SEG/;Ativo;Em dia
83725;DISTRIBUIDORA NIKITO;307;SEG/;QUI/;Ativo;Em dia
83728;GIMENEZ SUPERMERCADO;309;SEX/;TER/;Ativo;-
83731;BAR TRES REIS;204;TER/;SEX/;Ativo;Em dia
83734;MORELLITO;207;SEX/;SEX/;Ativo;-
83735;BS FARMA;107;SEG/;SEG/;Ativo;-
83739;S F KAKALU;309;SAB/;QUA/;Ativo;Em dia
83740;S5 - GARDEN CLUB;201;QUA/;SAB/;Ativo;Em dia
83741;BIG DOG PRENSADO;202;QUI/;QUI/;Ativo;-
83742;PLAZZA DEPOSITO;109;QUI/;SEG/;Ativo;-
83747;SERV FESTA MR;309;QUI/;SEG/;Ativo;Em dia
83749;GAMBA SERV FESTA;308;SAB/;QUA/;Ativo;Em dia
83753;JO BOLOS;111;SEX/;TER/;Ativo;Em dia
83755;MARTINS LANCHES;201;SEX/;DOM/;Ativo;-
83759;SERV FESTA STATUS;202;QUI/;DOM/;Ativo;-
83760;JOAO VICTOR;309;SAB/;QUA/;Ativo;Inad
83762;PASTELARIA XAVIER;111;SEG/;DOM/;Ativo;-
83763;SERV FESTA MACENO;105;SAB/;DOM/;Ativo;-
83768;BOM DE MINAS REST;207;SEG/;QUI/;Ativo;Em dia
83770;BIFE AMIGAO;110;QUA/;QUA/;Ativo;-
83772;MARCELO TAVARES RIBE;104;TER/;DOM/;Ativo;-
83774;ADEGAS SERV FESTA;309;SEG/;QUI/;Ativo;Em dia
83776;HOTDOG DA GE;112;SEX/;DOM/;Ativo;-
83778;ORIGINNALE PIZZAS;102;QUA/;QUA/;Ativo;-
83780;ANGELA LANCHES;201;TER/;SEX/;Ativo;-
83787;PRIMOS SALGADOS;105;QUI/;SEG/;Ativo;Em dia
83791;RENDE MAIS;112;SEG/;QUI/;Ativo;Em dia
83793;MARA DELICIAS ARTEZA;103;SEX/;SEX/;Ativo;-
83794;DROGARIA MAIS SAUDE;111;SAB/;DOM/;Ativo;-
83795;BAR OLOKO MEU;111;SAB/;DOM/;Ativo;-
83797;SALGADERIA E DOCERIA;102;SAB/;DOM/;Ativo;-
83799;JAN BEBIDAS;107;SAB/;QUA/;Ativo;Em dia
83800;CLEBER LANCHES;203;SEG/;QUI/;Ativo;-
83807;SERV FESTA AVENIDA;309;SEX/;TER/;Ativo;-
83808;ROSE SALGADOS;105;SEG/;DOM/;Ativo;Em dia
83809;CAFE 5 GRAOS;203;QUI/;DOM/;Ativo;-
83811;PREMIER PASTELARIA;105;SEX/;SEX/;Ativo;-
83813;S F PASCHOALETTI;307;QUI/;SEG/;Ativo;Em dia
83816;AGROBAR;201;QUI/;SEG/;Ativo;Inad
83820;POSTO NOVA ESPERANCA;105;SEG/;QUI/;Ativo;-
83821;KY LANCHES DELIVERY;106;SEX/;DOM/;Ativo;-
83822;CS DAS BEBIDAS;106;QUI/;SEG/;Ativo;Em dia
83823;BAR DO VIAN;102;QUA/;DOM/;Ativo;Inad
83825;OKINAWA;108;QUA/;DOM/;Ativo;-
83829;SANTA FE CONV;111;SEX/;TER/;Ativo;Inad
83831;ISTOK ALPHAVILLE;204;TER/;SEX/;Ativo;Em dia
83833;RIOLAX RP;205;TER/;TER/;Ativo;-
83837;BAR DA ROSA;110;QUA/;DOM/;Ativo;-
83838;ALIANCA PAES E DOCES;111;TER/;SEX/;Ativo;-
83839;DOM COSTA BAR;207;QUI/;QUI/;Ativo;-
83840;PRATO MIX;105;SEX/;SEX/;Ativo;-
83841;CASA DE CARNES SILVA;107;QUA/;SAB/;Ativo;Inad
83842;MERCEARIA MACIEL;111;SEG/;QUI/;Ativo;-
83843;LIKES;205;QUI/;SEG/;Ativo;Em dia
83849;FELIPINI PADARIA;101;QUI/;DOM/;Ativo;-
83853;CONV BOM JESUS;301;QUA/;SAB/;Ativo;Em dia
83855;S5 - BAR DO PIRATA;207;SEG/;QUI/;Ativo;Em dia
83856;SETECENTER SUPMERC;305;QUI/;SEG/;Ativo;-
83857;FAMILIA AIKI LANCHES;202;QUA/;QUA/;Ativo;-
83858;PAULIQUE ESPETOS;112;SEX/;DOM/;Ativo;-
83859;ESQUINAO SERV FESTA;307;SAB/;QUA/;Ativo;Em dia
83861;MARLI LANCHES;105;SEG/;DOM/;Ativo;-
83866;MELAS CAFE FUNFARME;203;SEG/;QUI/;Ativo;-
83867;MINIMERC NETO;111;QUI/;SEG/;Ativo;Em dia
83868;PASTEL DA CLEO;101;QUI/;QUI/;Ativo;-
83870;SANTA IZABEL SERV F;109;QUI/;SEG/;Ativo;-
83876;LANCHONETE JD DA PAZ;107;QUI/;SEG/;Ativo;-
83877;REST BRASILIDADE;207;QUA/;SAB/;Ativo;Em dia
83878;BAR DO PEDRO;108;SAB/;DOM/;Ativo;-
83881;GRILETTO IGUATEMI;205;SEG/;QUI/;Ativo;Em dia
83883;NEKAMI PLAZA;205;SAB/;SAB/;Ativo;-
83885;S5 - VM LANCHONETE;201;SEX/;TER/;Ativo;-
83886;LEVE MAIS SUPERMERC;304;TER/;SEX/;Ativo;-
83888;ISTOK CANDELARO;109;SAB/;QUA/;Ativo;-
83889;MERC JM;112;QUA/;SAB/;Ativo;Em dia
83890;S5 - SR. FILET ESTOR;205;TER/;SEX/;Ativo;Em dia
83892;SERV FESTA 43;309;TER/;SEX/;Ativo;-
83893;ML COMERCIO DE BEBID;106;SEG/;DOM/;Ativo;-
83894;RUSTICUS ESPETARIA;201;QUA/;SAB/;Ativo;Em dia
83895;CONV PORTAL II TANAB;302;QUA/;SAB/;Ativo;Em dia
83896;SERV FESTA DO BIBI;307;TER/;SEX/;Ativo;-
83897;CHRIS BEBIDAS;308;TER/;SEX/;Ativo;Em dia
83900;LANCHE ISABELLY;103;QUA/;DOM/;Ativo;Em dia
83901;BAR E LANCH DA BIA;108;SEX/;TER/;Ativo;Inad
83902;LA BRASA BURGER;201;SEX/;SEX/;Bloqueado;-
83903;CENTRAL MIX VARIEDAD;103;SEX/;TER/;Ativo;-
83905;CONV BRASIL 2;105;SEX/;TER/;Ativo;-
83907;MERCADO D. JL MORETT;106;SEX/;TER/;Ativo;-
83909;REI DO PRECO UNICO;102;SEX/;DOM/;Ativo;-
83911;S F PAGUE LEV;307;SEG/;QUI/;Ativo;Em dia
83912;MANZANO DISTRIBUIDOR;204;SEG/;QUI/;Ativo;-
83915;ADEGA RIO PRETO;306;QUA/;SAB/;Ativo;Em dia
83916;DOG ALEMAO;104;TER/;DOM/;Ativo;-
83918;PONTO CERTO;309;QUI/;SEG/;Ativo;Em dia
83921;FERREIRA SERV FESTA;306;SEG/;QUI/;Ativo;Em dia
83922;FRIOS E CIA;303;QUA/;SAB/;Ativo;Em dia
83926;MERC CALIFORNIA;309;QUA/;SAB/;Ativo;Inad
83927;JOE SERV FESTA;306;QUI/;SEG/;Ativo;Em dia
83928;S5 - PEIXE E CIA RES;202;SEX/;TER/;Ativo;Em dia
83930;SERV FESTA 2 IRMAOS;105;SEX/;DOM/;Ativo;-
83933;BAR PERNAMBUCO;107;SEG/;DOM/;Ativo;-
83934;EMP DONA TEREZA;107;TER/;SEX/;Ativo;-
83937;SAIDEIRA BAR;204;QUI/;SEG/;Ativo;-
83938;RESENHA BEER;110;QUI/;SEG/;Ativo;Em dia
83943;CAPITAO BAR;104;SEX/;TER/;Ativo;-
83948;TOP SERV JACI;308;SEG/;QUI/;Ativo;-
83949;BEST HOME MARKET;111;SEX/;TER/;Ativo;-
83951;BENA FRIOS COMERCIO;204;SEG/;SEG/;Ativo;-
83955;PACHECOS BAR;103;QUI/;DOM/;Ativo;Em dia
83956;S5 - PORECATU NORTE;305;QUA/;SAB/;Ativo;Em dia
83958;BAR DO MINEIRO;104;SEG/;DOM/;Ativo;-
83959;LOJAS G;203;QUI/;QUI/;Ativo;-
83960;SALE AUTOMATIC;107;SEG/;QUI/;Ativo;Em dia
83964;ISTOK RIO SALSO;109;SAB/;QUA/;Ativo;-
83965;DROGAMAX TLY;205;SEG/;SEG/;Ativo;-
83967;OBA SERV FESTA;306;QUA/;SAB/;Ativo;Em dia
83968;TANGARA AGUA E GAS;107;SAB/;SAB/;Ativo;-
83969;FARMACIA CONFIANCA;103;TER/;TER/;Ativo;-
83971;DOG DA VOVO;104;QUA/;DOM/;Ativo;-
83972;MINI MERC PAINEIRAS;303;QUI/;SEG/;Ativo;Em dia
83977;MERCADO SAO MATHEUS;302;TER/;SEX/;Ativo;Em dia
83983;CONV JS;104;TER/;DOM/;Ativo;-
83985;S5 - VILLA CAJU;207;TER/;QUI/;Ativo;Em dia
83986;HORTA PRIME;107;QUA/;DOM/;Ativo;-
83988;SUPERUTIL;204;QUA/;SAB/;Ativo;-
83990;QUEIJO E CIA;302;QUI/;SEG/;Ativo;Em dia
83992;S5 - NHO BOTEQUIM;205;TER/;SEX/;Ativo;Em dia
83995;BAR DO FIO;106;SEX/;DOM/;Ativo;-
83996;S F UNIAO II;308;SEX/;TER/;Ativo;Em dia
83997;BAZZETTI GELATERIA;205;SEG/;SEG/;Ativo;-
83998;S F PARADA CERTA;309;SEG/;QUI/;Ativo;Em dia
83999;SUP PIOVANI JB;301;QUI/;SEG/;Ativo;Em dia
84000;YUSHU RESTAURANTE;201;SEX/;TER/;Ativo;-
84001;PRAIA CLUB AGUA DOCE;108;TER/;SEX/;Ativo;Em dia
84003;MANGA ESTACIONAMENTO;203;SAB/;QUA/;Ativo;-
84004;ARENA 153;107;QUA/;SAB/;Ativo;-
84008;BAR PAI E FILHO;108;SEG/;DOM/;Ativo;Inad
84015;MINIMERC PERDIZES;111;TER/;SEX/;Ativo;-
84016;SERV VARANDA;108;SEX/;TER/;Ativo;-
84019;PASTELARIA LIKES;207;QUA/;SAB/;Ativo;-
84020;KAMBUI CHURRASCARIA;204;TER/;DOM/;Ativo;-
84021;BAR AMIGO;102;SAB/;QUA/;Ativo;Em dia
84022;CONF AMANDA HAILA;108;SEG/;SEG/;Ativo;-
84023;BAR DA LUCIA;103;SEG/;DOM/;Ativo;-
84024;BAR JONAS BROTHERS;103;SAB/;SAB/;Ativo;-
84025;EMPORIO SABIAS;205;SEG/;QUI/;Ativo;-
84026;S5 - FAVER SUPERMERC;303;QUA/;SAB/;Ativo;Em dia
84027;NOBRES BAR;103;TER/;SEX/;Ativo;-
84028;BAR DO COCO;108;SEX/;SEX/;Ativo;-
84029;AMARAL LANCHES;201;SEG/;SEG/;Ativo;-
84030;DEMOCRATA RP;205;SEX/;SEX/;Ativo;-
84031;LANCHE DA VOVO;109;QUA/;DOM/;Ativo;-
84033;CABANA ARGENTINA SJ;205;SEG/;QUI/;Ativo;Em dia
84037;ESPETARIA DK;110;QUA/;QUA/;Ativo;Em dia
84039;BAR BAHIA;103;SEG/;QUI/;Ativo;Inad
84041;NONNA BENI;201;QUI/;SEG/;Ativo;Em dia
84043;S F ZOI DE GATO;112;QUI/;QUI/;Bloqueado;-
84044;GUI ROSAO ESPETARIA;107;TER/;TER/;Ativo;-
84047;TO NA PRAIA POTY;102;SEX/;DOM/;Ativo;-
84050;ZE - ARMAZEM DA CERV;306;TER/;SEG/QUA/SEX/;Ativo;Em dia
84052;SUPER POP DON JOSE;306;QUA/;SAB/;Ativo;Em dia
84053;POR DO SOL REST;108;SEG/;QUI/;Ativo;Em dia
84054;TO ESPETINHO;110;QUA/;DOM/;Ativo;-
84055;ROSTI RESTAURANTE;203;QUI/;SEG/;Ativo;Em dia
84064;REST ELE E ELA;105;QUI/;SEG/;Ativo;-
84065;S F TROPICAL 2;201;SEX/;TER/;Ativo;-
84066;MARTINELLI S F II;109;QUA/;QUA/;Bloqueado;-
84068;AROEIRA GAS E AGUA;110;TER/;SEX/;Ativo;-
84069;MERCADO DA FLORA II;304;SEX/;TER/;Ativo;Em dia
84070;DEMOCRATA IGUATEMI;205;SEG/;SEG/;Ativo;-
84072;OLD MEN BARBERSHOP;205;SEX/;TER/;Ativo;Em dia
84074;GARDENS GOOD FOOD JK;205;SEG/;SEG/;Ativo;-
84075;GARDENS GOOD FOOD;201;SEX/;DOM/;Ativo;-
84077;QUEIROZZ BEACH SPORT;207;QUI/;SEG/;Ativo;Em dia
84079;BISTRO DA DANY;204;QUA/;SAB/;Ativo;Em dia
84084;SUP CENTRAL;304;QUI/;SEG/;Ativo;Em dia
84085;S5 - SUP AMPARADO 1;304;QUI/;SEG/;Ativo;Em dia
84091;TERRA NORTE;207;QUA/;SAB/;Ativo;Em dia
84092;ADEGA MPL;110;SEG/;DOM/;Ativo;-
84093;ISTOK RIO BANDEIRA;109;SEG/;DOM/;Ativo;-
84094;ISTOK RIO VERTENTES;101;TER/;SEX/;Ativo;Em dia
84095;SENSAI JAPA;204;SEG/;DOM/;Ativo;-
84096;ISTOK MARIA JULIA;105;TER/;SEX/;Ativo;-
84097;DOCURA DA ANINHA;103;SEX/;SEX/;Ativo;-
84098;DUKE PUB;207;QUI/;SEG/;Ativo;Em dia
84101;SANTA TEREZINHA RP;109;QUI/;QUI/;Ativo;-
84104;LOJA DA OFERTA;110;QUI/;SEG/;Ativo;-
84106;MERCADO COLISEU;103;SEG/;DOM/;Ativo;-
84109;MOLECAGGIO AEROPORTO;207;SEG/;QUI/;Ativo;Em dia
84110;DROG TOTAL YOLANDA;105;TER/;TER/;Ativo;Inad
84112;BAR DA MARCIA LEME;108;SEX/;DOM/;Ativo;-
84114;TOCA DA FENIX;204;QUA/;SAB/;Ativo;-
84117;S5 - CANECA CHEIA;204;SAB/;QUA/;Bloqueado;-
84118;FAUSTAO SERV FESTA;307;TER/;SEX/;Ativo;-
84119;S F FELICIANO;308;QUA/;SAB/;Ativo;-
84120;S5 - BAR DO XIMBINHA;107;TER/;SEX/;Ativo;Em dia
84123;CONV MAO DE OURO;105;QUI/;DOM/;Ativo;Em dia
84125;REGIS ARAUJO;203;QUI/;SEG/;Ativo;-
84126;SUP BAILO 2;301;SEG/;QUI/;Ativo;-
84127;ISTOK RIO AMAZONAS;109;SEG/;DOM/;Ativo;-
84129;EDU BEEF CS DE CARNE;110;TER/;DOM/;Ativo;-
84132;BAR CAMPESTRE;102;QUA/;DOM/;Ativo;Em dia
84133;SERV FESTA ELVIS;105;QUA/;DOM/;Ativo;Em dia
84134;SUP POP FRATERNIDADE;303;QUI/;SEG/;Ativo;Em dia
84135;MEMPHIS REDENTORA;207;SAB/;QUA/;Ativo;-
84136;S F MAIS BEER;306;SEX/;TER/;Ativo;-
84138;SERV FESTA PRIMUS;101;SEX/;DOM/;Ativo;Inad
84139;SUP POP PLANALTO;307;SEG/;QUI/;Ativo;Em dia
84140;MOLEC PIZZA BAR;201;SEG/;QUI/;Ativo;Em dia
84141;BAR DO XAVEI;203;QUA/;DOM/;Ativo;Em dia
84142;ADEGA DO TOIN;309;QUA/;SAB/;Ativo;Em dia
84146;MOLECAGGIO JK;201;TER/;SEX/;Ativo;-
84147;MOLECAGGIO RP SHOP;205;SEX/;TER/;Ativo;Em dia
84148;PADARIA COFFEE BREAK;101;QUA/;DOM/;Ativo;Inad
84149;SERV FESTA AVENIDA;307;QUA/;SAB/;Ativo;Em dia
84150;REI DO PAO DE QUEIJO;203;SEG/;QUI/;Ativo;Em dia
84152;VIRACOPOS SERV FESTA;307;QUA/;SAB/;Ativo;Em dia
84153;FAST GREEN VALLEY;107;QUA/;SAB/;Ativo;-
84154;FENIX S FESTA;112;SEG/;QUI/;Ativo;Em dia
84155;MINIMERC DLUZ;204;TER/;SEX/;Ativo;-
84158;S5 - SUP NEVES 3;304;QUI/;SEG/;Ativo;Em dia
84159;FRIGO XAVIER SD;109;QUI/;DOM/;Ativo;-
84161;PARCEIRO ISCA;108;TER/;DOM/;Ativo;-
84162;PRIMOS CONVENIENCIA;102;TER/;SEX/;Ativo;-
84165;SKINAO CONVENIENCIA;308;QUI/;SEG/;Ativo;Em dia
84166;SERV FESTA VINAO;101;QUI/;DOM/;Ativo;-
84168;SKINA DO SALGADO;105;QUA/;DOM/;Ativo;Em dia
84170;CS DE CARNE VALENTIM;104;QUI/;DOM/;Ativo;Em dia
84171;DOM RIATTO;104;SEG/;QUI/;Ativo;-
84172;S5 - BAR DO LUIZAO;204;SAB/;QUA/;Ativo;Em dia
84174;DEP BEBIDA BRAUNA;308;SAB/;QUA/;Ativo;Em dia
84177;ESPETO DO LUIZAO;104;SEG/;DOM/;Ativo;-
84180;MERCEARIA 4 IRMAOS;111;SEG/;DOM/;Ativo;Inad
84181;PASTELARIA 2o GERACA;104;QUA/;QUA/;Ativo;-
84182;MINIMERC CANELLA;106;TER/;DOM/;Ativo;-
84183;FLORIAN CAFE;107;QUI/;SEG/;Ativo;-
84184;SACOLAO BITA;101;SAB/;DOM/;Ativo;-
84185;CANECAO MIRASSOL;308;SEG/;QUI/;Ativo;-
84186;IL CAPONE;201;SEX/;SEX/;Ativo;-
84187;S5 - S F NEGUITO;207;QUA/;SEG/;Ativo;-
84189;CASA DE CARNES JJ;103;TER/;DOM/;Ativo;-
84190;BAR DO GIMIRO;106;SEX/;TER/;Ativo;-
84192;DROGA VIDA;111;QUA/;DOM/;Ativo;-
84193;DHUO EXPRESS;204;SAB/;QUA/;Ativo;Em dia
84196;S F JS BERNARD;307;TER/;SEX/;Ativo;Inad
84197;MERCEARIA EL SHADAI;103;SEX/;SEX/;Ativo;-
84199;BAR DO BRENO;110;QUA/;SAB/;Ativo;-
84200;MR SERV FESTA;306;QUI/;SEG/;Ativo;Em dia
84206;BRAZILIAN TALHADO;304;QUA/;SAB/;Ativo;Em dia
84207;SERV FESTA JP GAS;309;SEG/;QUI/;Ativo;Em dia
84211;REI DO A GRANEL;203;TER/;SEX/;Ativo;-
84214;BAR BAIXADA;108;TER/;SEX/;Ativo;-
84215;SERV FESTA NIKITO II;307;SEX/;TER/;Ativo;-
84216;SERV FESTA TEIXEIRA;204;SAB/;QUA/;Ativo;Inad
84218;BAR BEIRA RIO;109;SEX/;DOM/;Ativo;-
84219;SERV FESTA DO PIO;306;SEX/;TER/;Ativo;Em dia
84220;RITA SALGADOS;101;QUA/;QUA/;Ativo;Em dia
84221;EMPORIO TORRES;109;QUI/;DOM/;Ativo;Em dia
84222;EMP MARKET UP;309;QUI/;SEG/;Ativo;Em dia
84223;S F DA VO;309;SEG/;QUI/;Ativo;Em dia
84224;BOTECO TO DI BOA;108;SEX/;TER/;Ativo;-
84226;SERV FESTA ALEMAO II;306;SEG/;QUI/;Ativo;Em dia
84228;FARMA VIDA;101;QUA/;DOM/;Ativo;Em dia
84229;QUITANDA DA ROSE;101;QUA/;SEX/;Ativo;Em dia
84230;PEGMAIS SEV FESTA;306;TER/;SEX/;Ativo;Em dia
84231;MINIMERCADO ECONOMIA;309;TER/;SEX/;Ativo;-
84232;FIAO TENIS;205;QUI/;SEG/;Ativo;-
84233;MERCEARIA AMIZADE;112;QUI/;DOM/;Ativo;Em dia
84234;BAR SAI DE BAIXO II;207;SEG/;QUI/;Ativo;Em dia
84235;MERCADO MACHADO;304;SEG/;QUI/;Ativo;Em dia
84236;SUP BRASIL;104;QUA/;DOM/;Ativo;Em dia
84237;JONIE S BAR;102;SEG/;SEG/;Ativo;-
84240;KWUS DAMHA V;105;TER/;SEX/;Ativo;-
84241;BAR CLUBE DOS MEDICO;201;QUA/;SAB/;Ativo;Em dia
84243;BAR SANTA QUITERA;112;QUI/;SEG/;Ativo;Em dia
84245;REST FLOR DE LIS;106;TER/;DOM/;Ativo;-
84246;BAR DA VALERIA;103;SEX/;DOM/;Ativo;-
84248;BAR DA CLAUDIANE;107;SAB/;DOM/;Ativo;-
84249;DELANIA ATELIE;107;SEG/;SEG/;Ativo;-
84251;SF BORA BB;109;TER/;SEX/;Ativo;-
84254;REST SPAGUETTO;207;QUA/;SAB/;Ativo;Em dia
84255;PADARIA SAO LUIS;205;QUI/;SEG/;Ativo;Em dia
84256;SCOTTE MINI MERC;309;QUA/;SAB/;Ativo;-
84259;CASA DO NORTE;201;SEG/;DOM/;Ativo;-
84261;MIX CREAMY;108;QUA/;QUA/;Ativo;-
84263;BAR DO VALDIR;108;SAB/;DOM/;Ativo;-
84264;QUITANDA E MERC AV;108;SAB/;DOM/;Ativo;-
84265;BAR DA MARIA;108;SAB/;QUA/;Ativo;-
84267;FRIGOBOI;204;SEG/;DOM/;Ativo;-
84272;GASSHO SUSHI BAR;205;QUA/;QUA/;Ativo;-
84273;AIFOME RESTAURANTE;109;SAB/;DOM/;Ativo;-
84279;S5 - BAR DA LUCIA;103;QUI/;SEG/;Ativo;Em dia
84281;DAY TO DAY HELP;107;QUA/;DOM/;Ativo;Inad
84282;MERC DA CELIA;110;SEX/;DOM/;Ativo;-
84283;ADEGA CENTRAL;309;QUI/;SEG/;Ativo;Em dia
84286;BAR DO ROBIS;103;SEX/;DOM/;Ativo;-
84287;BAR DO CAMARGO;107;SEG/;QUI/;Ativo;Em dia
84288;ESKINAO ESPETARIA;102;SEG/;SEG/;Ativo;-
84289;CONV PRONTO SOCORRO;304;SEX/;TER/;Ativo;-
84290;PASTELARIA MEILI;203;SEX/;DOM/;Ativo;-
84294;2 IRMAOS;102;QUA/;DOM/;Ativo;Em dia
84296;EMPORIO RIO PRETO;203;SAB/;SAB/;Ativo;-
84297;MERCADO LIDER;304;SEX/;TER/;Ativo;-
84298;CAINA DISTRIBUIDORA;202;SEG/;DOM/;Ativo;-
84299;PASTELARIA KIDELICIA;108;TER/;TER/;Ativo;-
84300;SKINAO BEER;108;SEG/;SEG/;Ativo;-
84302;DEPOSITO AVENIDA;308;TER/;SEX/;Ativo;-
84307;ARENA;102;TER/;DOM/;Ativo;-
84310;S F DO MESTRE;306;QUI/;SEG/;Ativo;Em dia
84311;DOM MERCATO;303;SEX/;TER/;Ativo;-
84313;S F DOS ANJOS1;111;QUI/;QUI/;Ativo;Em dia
84316;COXINHAS RP;207;QUI/;SEG/;Ativo;Em dia
84317;JOVIANA SALGADOS;203;SEX/;TER/;Ativo;-
84318;ALIMEX;111;QUI/;QUI/;Ativo;-
84319;CS C STA MARIA;107;QUI/;DOM/;Ativo;-
84320;BAR DO JESUS;102;SAB/;QUA/;Ativo;-
84322;MERC TOPA TUDO;102;TER/;DOM/;Ativo;-
84323;MERCADO DO MINEIRO;101;SEG/;DOM/;Ativo;Em dia
84324;BAR TO DE BOA;110;TER/;SEX/;Ativo;-
84325;POSTO SAO JUDAS TD;302;TER/;SEX/;Ativo;-
84326;ESPETINHOS DA MARY;102;QUA/;QUA/;Ativo;-
84328;COLEGIO LONDON;203;SAB/;SAB/;Ativo;-
84329;NINOS S FESTA;307;QUA/;SAB/;Ativo;Em dia
84331;OPCAO BAR E LANC;203;QUA/;SAB/;Ativo;Inad
84332;BEER SERV FESTA;306;TER/;SEX/;Ativo;Em dia
84335;MERCEARIA SOUZA;106;QUI/;SEG/;Ativo;Em dia
84336;BAR MORAIS;106;TER/;SEX/;Ativo;-
84337;TO NO GRAU;107;SEX/;DOM/;Ativo;-
84341;PICCOLA BOTTEGA;201;SEX/;TER/;Ativo;-
84343;EDU BEEF 2;111;QUI/;DOM/;Ativo;Em dia
84344;S F JOAO LUCIO;112;TER/;SEX/;Ativo;Em dia
84351;MERC ANTONIETA;204;SAB/;QUA/;Ativo;Em dia
84352;ADEGA CORUJAO;101;SEG/;QUI/;Ativo;Em dia
84353;O ARTESAO;104;TER/;DOM/;Ativo;-
84356;BAR DO PRIMO;112;QUI/;SEG/;Ativo;Em dia
84357;KIT CHURRASCO;109;QUI/;SEG/;Ativo;Inad
84358;MERCADO GIMENEZ;102;SEG/;SEG/;Ativo;-
84359;TAMBA BAR;112;TER/;DOM/;Ativo;-
84360;BAIANA MERCEARIA;101;QUI/;DOM/;Ativo;Em dia
84362;BAR DO CLAUDIO;103;TER/;DOM/;Ativo;-
84363;FRITOS MIRASSOL;202;QUA/;DOM/;Ativo;Em dia
84365;BOTECO DAS AGUAS;102;QUA/;QUA/;Ativo;Em dia
84368;A TOCA DOS BRUXOS;207;SEG/;QUI/;Ativo;-
84369;BALLY CLUB;207;SAB/;QUA/;Ativo;Em dia
84370;LANC CIDA CARVALHO;112;TER/;DOM/;Ativo;-
84371;SENHORA DOS PAES;203;TER/;SEX/;Ativo;-
84373;SUP POTIRENDABA;306;SAB/;QUA/;Ativo;Em dia
84375;MERC TO NA OBRA;112;SAB/;QUA/;Ativo;-
84376;FAST4YOU BELVEDERE;109;QUI/;SEG/;Ativo;Em dia
84378;LACHONETE ZANUTO;103;SEX/;DOM/;Ativo;Em dia
84379;O ESPETEIRO;202;QUI/;SEG/;Ativo;Em dia
84382;R DO GRILL;203;SEX/;SEX/;Ativo;-
84383;MERC DO CABECA;105;QUA/;SAB/;Ativo;-
84387;BAR FLUTUANTE;108;TER/;SEX/;Ativo;-
84388;KWUS DAMHA IV;105;TER/;SEX/;Ativo;-
84389;KWUS DAMHA VI;105;TER/;SEX/;Ativo;-
84394;BODEGA DE SECO;101;SEG/;DOM/;Ativo;-
84395;ESPETARIA LONGHINI;101;TER/;TER/;Ativo;-
84396;MANGUACAS SERV FESTA;111;QUA/;DOM/;Ativo;-
84398;MARMITARIA DA BAH;111;SEX/;TER/;Ativo;-
84399;SERV FESTA IMPERIO;110;QUI/;DOM/;Ativo;-
84400;JOCA PASTEIS;202;SEG/;DOM/;Ativo;-
84401;REST JACARANDA;104;TER/;DOM/;Ativo;-
84402;GRANPA;107;QUI/;SEG/;Ativo;-
84403;S5 - BOLA 7;201;QUI/;SEG/;Ativo;-
84404;DUDU LANCHES;202;QUI/;QUI/;Ativo;-
84408;TOPSHOW ADEGA;112;SEG/;SEG/;Ativo;-
84410;PONTO X SERV FESTA;110;QUI/;SEG/;Ativo;Em dia
84412;MERCEARIA SILVA;108;SAB/;DOM/;Ativo;-
84413;LAPA GAS e AGUA;106;SAB/;QUA/;Ativo;-
84414;SUCOS CORONEL;203;SEX/;TER/;Ativo;Inad
84417;QUINTA DA MATA;101;SEX/;DOM/;Ativo;-
84418;CIDAS LANCHE;105;SEG/;DOM/;Ativo;-
84419;DEPOSITO DO XUXU;308;QUA/;SAB/;Bloqueado;-
84421;JM BOLOS E SALGADOS;112;SEG/;QUI/;Ativo;-
84423;SERV F MALDONADO;106;QUA/;SAB/;Ativo;Em dia
84424;AMOR EM MASSA;203;SEX/;DOM/;Ativo;-
84428;CONSULADO DA PIZZA;201;QUI/;QUI/;Ativo;-
84429;SPECIALLE PIZZARIA;201;TER/;DOM/;Ativo;Inad
84430;MAMA MIA;201;QUA/;DOM/;Ativo;Em dia
84432;S5 - NO BRASA;205;QUA/;SAB/;Ativo;-
84433;VILLA O2 BEACH;103;TER/;DOM/;Ativo;-
84436;EMPORIO BETAVEL;108;QUI/;DOM/;Ativo;-
84439;BAR IPIRANGA;105;SEX/;DOM/;Ativo;-
84440;ESPETARIA DO LEITAO;106;QUA/;DOM/;Ativo;Em dia
84441;BUTIQUIM 360 BAR;202;TER/;DOM/;Ativo;Inad
84448;BOCADINHAS;201;SEG/;SEG/;Ativo;-
84449;LL BEBIDAS;107;SEX/;TER/;Ativo;Em dia
84450;KLIN RPS;205;SEX/;SEX/;Ativo;-
84453;MASSAS E VINHOS;108;SEG/;SEG/;Ativo;-
84455;CANTINHO DA ROCA;107;SAB/;DOM/;Ativo;-
84456;S5 - CASA DO ESPETO;202;TER/;SEX/;Ativo;Em dia
84457;MADALE GELATO;107;QUI/;SEG/;Ativo;Em dia
84458;VIP GLOBAL LOUNGE;207;TER/;SEX/;Ativo;Em dia
84459;EDER MARCELO BUFFET;109;SEX/;TER/;Ativo;-
84460;PRETUS BURGER II;102;QUI/;DOM/;Ativo;Em dia
84461;ADEGA MS II;204;TER/;SEX/;Ativo;-
84463;S F PIMENTINHA;105;SEG/;DOM/;Ativo;Em dia
84464;PAI E FILHO;104;QUA/;DOM/;Ativo;Em dia
84467;EMPORIO FERRARI 2;102;QUA/;QUA/;Ativo;-
84468;SANTO GOLE;202;SEG/;QUI/;Ativo;Em dia
84469;SORVET SAO CARLOS;112;TER/;DOM/;Ativo;-
84470;TO AQUI SERV FESTA;309;QUA/;SAB/;Ativo;Em dia
84471;EMPORIO MALUMBRES;306;TER/;SEX/;Ativo;-
84472;AILTON GAS E AGUA;106;TER/;TER/;Ativo;-
84473;ZAPPAS HAVAN;205;SAB/;QUA/;Ativo;Em dia
84474;ZAPPAS MUFFATO;207;QUI/;SEG/;Ativo;-
84475;ROCHA CHURRASCARIA;203;TER/;DOM/;Ativo;-
84477;SERV FESTA NOGARA;201;SEG/;QUI/;Ativo;Em dia
84478;IMPERIO DA BRASA;102;SEX/;DOM/;Ativo;-
84481;ALIANZA EVENTOS;205;TER/;DOM/;Ativo;-
84482;RESENHA BAR;205;QUA/;SAB/;Ativo;-
84483;REST BARBOSA;108;QUI/;SEG/;Ativo;Inad
84484;S5 - SANTO ARCO BAR;204;QUA/;DOM/;Ativo;Em dia
84487;S F FAMILIA TOMAZ;109;TER/;SEX/;Ativo;Em dia
84488;MERCEARIA HOJE;106;TER/;DOM/;Ativo;-
84489;ARENA DUNIK;202;QUI/;DOM/;Ativo;-
84491;BAR BRASAO;112;QUA/;DOM/;Ativo;Em dia
84492;MINIMERC CONQUISTA;103;TER/;DOM/;Ativo;Inad
84493;ROSTE BURGER;202;QUI/;QUI/;Ativo;-
84495;BROTHERS SERV FESTA;111;TER/;SEX/;Ativo;Inad
84498;SORVETERIA JOIA;103;QUI/;DOM/;Ativo;Em dia
84499;SPEED LUB;107;SEX/;SEX/;Ativo;-
84500;SERV FESTA AVENIDA;307;QUI/;SEG/;Ativo;Em dia
84503;ACOUGUE MS;112;QUI/;SEG/;Ativo;Em dia
84505;S5 - BAR E MER NARDO;101;QUI/;SEG/;Ativo;Em dia
84506;BAR CARVALHO;103;QUA/;DOM/;Ativo;Em dia
84508;ATLETICA FATEC RP;110;SEG/;QUI/;Ativo;Em dia
84512;PASTELARIA CATEDRAL;104;SEX/;TER/;Ativo;-
84513;S5 REST CASARAO BADY;201;TER/;DOM/;Ativo;Em dia
84514;SERV FESTA GONCALVES;112;SEX/;TER/;Ativo;Em dia
84515;S5 - REST DO ROBERTO;207;TER/;SEG/QUI/;Ativo;Em dia
84517;ELITE ADEGA;108;TER/;SEX/;Ativo;-
84518;DROG TOTAL BERNARD;203;SEX/;TER/;Ativo;-
84520;QUINTAL BEER;201;QUA/;SAB/;Ativo;Em dia
84522;BAR SAO JORGE;201;QUA/;QUA/;Ativo;Em dia
84523;RETRO HITS BAR;106;QUI/;QUI/;Ativo;Em dia
84524;VAPT VUPT;111;SAB/;DOM/;Ativo;-
84525;BIFE E CIA;205;QUA/;SAB/;Ativo;-
84527;SUP NASCIMENTO VI;303;SEG/;QUI/;Ativo;-
84530;S5 - NOSSO BAR;201;QUA/;SAB/;Ativo;-
84531;MERCA-DOO;105;TER/;DOM/;Ativo;-
84532;BAR JF;112;SAB/;QUA/;Ativo;-
84534;S5 - BAR DO CHULAPA;107;SEX/;TER/;Ativo;Em dia
84536;CS CARNES GALEAZZI;109;SEG/;DOM/;Ativo;Em dia
84538;PESQUEIRO GUARIPU;102;SEG/;QUI/;Ativo;Em dia
84539;S5 - PICANHA CHOPP;205;QUA/;SEX/SAB/;Ativo;Em dia
84540;ARO COMERCIO BEBIDAS;204;QUA/;SAB/;Ativo;Em dia
84541;PEIXE VIVO;108;SEX/;TER/;Ativo;Em dia
84542;FAVER S F 2;306;QUA/;SAB/;Ativo;-
84544;MERCEARIA GARUZI;112;SEX/;DOM/;Ativo;-
84545;ADEGA GEM;308;SEX/;TER/;Ativo;-
84546;S5 - PIZZARIA SAN R.;207;SEX/;TER/;Ativo;-
84549;SANTISSIMO GOLE S F;201;SEG/;DOM/;Ativo;-
84553;GAS E AGUA DO ALEMAO;109;SEX/;SEX/;Ativo;-
84554;ROMEU LANCHES;201;QUA/;DOM/;Ativo;-
84556;SF GELADA JA;201;TER/;DOM/;Ativo;-
84558;ADEGA ROYAL;101;SEG/;QUI/;Ativo;-
84559;BOCAO SERV FESTA;112;SAB/;QUA/;Ativo;Em dia
84560;VAPT VUPT VILA SOL;111;SEG/;QUI/;Ativo;Em dia
84561;SALGADARIA DO CHORAO;204;SEG/;QUI/;Ativo;-
84563;DG STA TEREZINHA;111;QUA/;DOM/;Ativo;-
84564;MEN ADEGA E MERC II;308;QUI/;SEG/;Ativo;Em dia
84565;SERV FESTA D GOTA II;306;QUA/;SAB/;Ativo;Em dia
84569;EMPORIO CENARIUM;107;QUI/;SEG/;Ativo;-
84570;SUPERMERCADO ADOLFO;301;SEX/;TER/;Ativo;-
84571;A CASA DO PASTEL;104;QUI/;DOM/;Ativo;Em dia
84572;ROSSI ASSADOS;104;QUI/;DOM/;Ativo;Em dia
84574;HOTFRUT E MERC BIA;101;TER/;DOM/;Ativo;-
84575;MERCEARIA DA FAMILIA;108;SEX/;DOM/;Ativo;-
84576;BAR DA MIGUCHA;203;SEG/;SEG/;Ativo;-
84577;ARMAZEM;102;SEG/;SEG/;Ativo;-
84578;BAR DA LU;204;SEX/;SEX/;Ativo;-
84579;LOS RANCHEIROS;112;SEG/;QUI/;Ativo;-
84581;REPRESA ARENA BEACH;101;SEX/;DOM/;Ativo;-
84582;BAR SAO FRANCISCO;102;SEG/;QUI/;Ativo;Em dia
84584;ICE BEER SERV FESTA;309;SEG/;QUI/;Ativo;-
84587;MERCADINHO JIREH EXC;112;SEX/;TER/;Ativo;-
84588;AQUINO ESPETARIA;104;SEX/;TER/;Ativo;-
84589;RAIZAL GASTRON E FAM;105;TER/;DOM/;Ativo;-
84590;SERV FESTA GIRASSOL;204;SEG/;DOM/;Ativo;-
84591;PONTO DO ESPETO;109;TER/;DOM/;Ativo;Em dia
84592;ESTORIL CAFFE SHOP;205;SEG/;SEG/;Ativo;-
84593;S F E MERC COSTA;107;SAB/;SAB/;Ativo;Em dia
84594;BAR DO HERNANDES;102;SEX/;DOM/;Ativo;-
84595;ESPETARIA FF;202;QUA/;DOM/;Ativo;-
84596;EMPORIO NOBRE;101;SEX/;TER/;Ativo;-
84598;HOTDOG FABY FERREIRA;202;QUA/;DOM/;Ativo;-
84599;ADEGA PREMIUM;101;SEG/;DOM/;Ativo;-
84600;BAR E MERC DO VAL;102;SEX/;TER/;Ativo;Em dia
84602;SUP POP BORGHESE;110;QUI/;SEG/;Ativo;Em dia
84603;ESTACAO DO SUCO II;105;SAB/;DOM/;Ativo;-
84605;CS DE CARNES MONTANA;101;TER/;DOM/;Ativo;-
84606;BAR DA AMIZADE;103;SEX/;DOM/;Ativo;Em dia
84608;SUP POP GALEAZZI;307;SEX/;TER/;Ativo;-
84610;MERC PORTAL DA FONTE;103;QUI/;DOM/;Bloqueado;-
84612;ROBSON BAR;103;SAB/;DOM/;Ativo;-
84613;S5 - BAR RIO DE JAN;205;SEX/;SEG/;Ativo;-
84615;MONTANA GRILL RP;205;SEX/;TER/;Ativo;Em dia
84616;BRASA E CIA;201;SEG/;DOM/;Ativo;-
84617;BAR DO CESAR;103;SEG/;QUI/;Ativo;Inad
84619;C.C. TARUMA;103;SEX/;SEX/;Ativo;-
84620;BAR CARNAUBA;103;SEX/;DOM/;Ativo;-
84621;SKINA DA PIZZA;202;QUI/;TER/;Ativo;-
84622;S5 - MEU BUTEKO;110;QUI/;SEG/;Ativo;Em dia
84623;S5 - BAR AZUL;112;QUI/;DOM/;Ativo;Em dia
84624;PALADAR EXPRESS;101;QUI/;DOM/;Ativo;Em dia
84625;DECK26 GASTRO BAR;103;TER/;DOM/;Ativo;-
84626;AGRO PESCA;204;SEG/;DOM/;Ativo;-
84627;S5 - BAR DA DI;110;SEX/;TER/;Ativo;-
84632;SERV FESTA FR;308;QUA/;SAB/;Ativo;Em dia
84633;BAR DO CURTOLO;103;QUA/;DOM/;Bloqueado;-
84634;PANIF ELDORADO;110;SEG/;DOM/;Ativo;-
84635;SAN JUANITO;102;SEG/;DOM/;Ativo;-
84636;ESP CLUBE GRANADENSE;108;QUI/;DOM/;Ativo;Em dia
84637;DROGA NANI;204;SEX/;SEX/;Ativo;-
84638;ZAPPAS BELVEDERE;207;QUI/;SEG/;Ativo;Em dia
84640;SERV FESTA 3 IRMAOS;306;QUI/;SEG/;Ativo;Em dia
84641;MIRANHAS SALGADOS;103;TER/;DOM/;Ativo;-
84642;S F PE DE CEDRO;107;QUA/;DOM/;Ativo;-
84643;REST JACARANDA;104;TER/;SEX/;Ativo;Inad
84644;VILLA IPIRANGA;202;TER/;DOM/;Ativo;Inad
84645;FAMILY FOOD;102;SAB/;DOM/;Ativo;-
84646;QUINTAL BRASA 1957;202;TER/;DOM/;Ativo;-
84647;SUP IVONE V;304;TER/;SEX/;Ativo;-
84648;GILYARDDE BAR;103;TER/;DOM/;Ativo;-
84654;BRASILEIRINHO REST;203;QUA/;QUA/;Ativo;-
84656;LIGHT FOOD WAY;107;QUI/;SEG/;Ativo;-
84657;BOM ESPETO;201;TER/;DOM/;Ativo;Inad
84658;CONV DO PENTA;104;SAB/;DOM/;Ativo;-
84660;DON CAFE;203;QUA/;DOM/;Ativo;Em dia
84661;NAGOYA SUSHI;207;SAB/;QUA/;Ativo;Em dia
84662;S F GRECCO 3;307;SEG/;QUI/;Ativo;-
84663;PIT STOP CENTRAL BEB;106;QUA/;DOM/;Ativo;Em dia
84664;SERV FESTA GEANINI;110;SAB/;DOM/;Ativo;-
84666;MARTAN PADARIA;203;SAB/;SAB/;Ativo;-
84668;MAIS PARQUE BEBIDAS;204;TER/;DOM/;Ativo;-
84670;PANELAO MINIMERCADO;304;SEX/;TER/;Ativo;Em dia
84672;GRILLO S FEST;107;TER/;SEX/;Ativo;-
84673;QUITANDA DO JACARE;103;QUA/;SAB/;Ativo;-
84674;SPORTSON;205;SEX/;TER/;Ativo;-
84675;SERV FESTA CASARAO;306;QUA/;SAB/;Ativo;Em dia
84677;MERCEARIA DA REGIANE;104;QUI/;DOM/;Ativo;Em dia
84682;ALLAN LANCHE;112;TER/;TER/;Ativo;-
84684;BRASA GRILL;203;QUI/;SEG/;Ativo;Em dia
84685;OLIVEIRA PAES E DOCE;104;SEG/;DOM/;Ativo;-
84686;BERGAS LANCHES;106;QUA/;DOM/;Ativo;Em dia
84687;ADEGA POTE GELADO;307;QUI/;SEG/;Ativo;Em dia
84688;SERV FESTA DO ZACO;112;SEG/;DOM/;Ativo;Inad
84689;ESPACO VAGNALDO;106;QUA/;DOM/;Ativo;Em dia
84690;SERV FESTA GELADAO;306;SEG/;QUI/;Ativo;-
84691;BAR ROVEDA;102;TER/;DOM/;Ativo;-
84692;KOBI IZAKAYA;201;TER/;TER/;Ativo;-
84694;DIVINO FOGAO CN;207;QUA/;SAB/;Ativo;Em dia
84696;EMPORIO DAS BEBIDAS;306;SEG/;QUI/;Bloqueado;-
84697;S5 - PARADA OBRIGATO;202;SEG/;QUA/;Ativo;-
84698;CONV CAFE AMIGAO;309;TER/;SEX/;Ativo;-
84699;BOM DE MINAS;205;QUA/;SAB/;Ativo;-
84700;MERCEARIA TARSITANO;104;QUI/;SEG/;Ativo;-
84701;BLOCO DA CARLOTA;205;SEG/;SEG/;Ativo;-
84702;LEAO AZUL;107;QUI/;SEG/;Ativo;-
84703;BEERBIE SERV FESTA;201;TER/;DOM/;Ativo;-
84704;BRAZOLLI PIZZARIA;202;QUI/;DOM/;Ativo;Inad
84705;LANCHONETE IONICE;204;SEG/;DOM/;Ativo;-
84706;PORCO NO PRATO;207;QUA/;SAB/;Ativo;-
84707;NUGRILL II;201;QUI/;DOM/;Ativo;-
84709;S F TO CHEGANDO;110;QUI/;DOM/;Ativo;Em dia
84710;SAL E BRASA;205;SEX/;TER/;Ativo;-
84711;GORDINHO LANCHES;102;SEG/;SEG/;Ativo;-
84713;BELLA MASSA;102;SEG/;SEG/;Ativo;Inad
84714;CLASSICO BURGERS;202;SEG/;DOM/;Ativo;Em dia
84715;FARUK SHAWARMA;201;QUI/;SEG/;Ativo;-
84716;MERC CLESIO;108;QUA/;DOM/;Ativo;Em dia
84718;SORVETE KIDELICIA;104;SEX/;DOM/;Ativo;-
84719;SKINAO BAR;102;TER/;DOM/;Ativo;-
84720;JABOTICA BAR;201;QUI/;TER/;Ativo;Em dia
84721;ARENA RESENHA BEACH;112;QUA/;DOM/;Ativo;-
84723;UAI EMPORIO e PAES;203;SAB/;SAB/;Ativo;-
84724;BAR PALESTRA;204;TER/;SEX/;Ativo;Em dia
84728;MERCEARIA DA HORA;104;SEX/;DOM/;Ativo;-
84729;CUPIM XADREZ SHIMITT;101;QUI/;DOM/;Ativo;-
84730;ATACADAO DAS BEBIDAS;109;SEG/;QUI/;Ativo;-
84731;SABOR DA CASA;112;QUA/;DOM/;Ativo;-
84733;NR BEBIDAS;103;TER/;SEX/;Ativo;Em dia
84735;PORTO DO CAPITAO;205;SEG/;QUI/;Ativo;Em dia
84736;BAR DOS AMIGOS;104;QUA/;QUA/;Ativo;Inad
84737;RESENHA NA ARENA;107;QUI/;DOM/;Ativo;-
84738;SANTA GULLA;102;SAB/;QUA/;Ativo;-
84739;BUTECO DO GIL;104;QUA/;DOM/;Ativo;Em dia
84740;LANCHONETE MARTINS;103;SEG/;DOM/;Ativo;Inad
84741;APL CASA DE LEILOES;103;QUI/;SEG/;Ativo;-
84742;NR SERV FESTA;112;SAB/;QUA/;Ativo;-
84743;BAR DO BIDU;202;SEG/;DOM/;Ativo;-
84744;OS LINOS PIZZA;202;TER/;DOM/;Ativo;Inad
84745;BAR WEDJA;101;QUI/;DOM/;Ativo;Em dia
84746;LANCH UNIRP II;107;QUA/;DOM/;Ativo;-
84748;MONTANA PLAZA;205;SAB/;QUA/;Ativo;Em dia
84751;BAR DO VIOLA;104;QUA/;QUA/;Ativo;Em dia
84753;PAO E CAFE;204;TER/;DOM/;Ativo;-
84754;ARMON CHOPP;110;QUI/;QUI/;Ativo;-
84755;SASORI SUSHI;202;QUA/;DOM/;Ativo;Em dia
84756;REAL CENTER;104;QUA/;DOM/;Ativo;-
84757;CASA DE CARNES MORET;102;SEX/;DOM/;Ativo;-
84758;DON TASSE PIZZARIA;201;SEG/;QUI/;Ativo;-
84759;EDPO BAR;102;TER/;SEX/;Ativo;-
84760;BAR SANTA EDVIRGES;102;SEX/;SEX/;Ativo;-
84761;BAGUETE HOUSE;108;SEX/;DOM/;Ativo;-
84762;MERCADO HG;107;SAB/;QUA/;Ativo;Em dia
84764;BAR DO MINEIRO;204;SEX/;SEX/;Ativo;-
84765;ARAUJO PEREIRA BAR;111;QUA/;SAB/;Ativo;-
84766;CASA BONIN;207;SEG/;QUI/;Ativo;Inad
84767;VARIEDADES DA RITA;108;QUI/;SEG/;Ativo;-
84768;SERV FESTAS CARINA;308;SEX/;TER/;Ativo;-
84769;COXINHAS BADY DEP;102;QUI/;SEG/;Ativo;-
84770;EMPORIO FOOD;203;QUI/;QUI/;Ativo;-
84771;D ANA ROTISSERIE;203;QUA/;DOM/;Ativo;-
84772;PADARIA OLIVEIRA;106;QUI/;QUI/;Ativo;Em dia
84773;DGUSTE CARNES;101;QUI/;DOM/;Ativo;Em dia
84775;SOL ESPETINHOS;301;SEX/;TER/;Ativo;Inad
84776;MEGA LANCHE;109;QUA/;QUA/;Ativo;-
84778;SERV FESTA BODEGA;202;SEG/;DOM/;Ativo;-
84779;BRAZILIAN CONV;303;QUA/;SAB/;Ativo;-
84780;COXINHAS BADY;205;SEG/;QUI/;Ativo;Em dia
84781;SERV FESTA PORTUGAL;306;SEX/;TER/;Ativo;Em dia
84782;CS DE CARNES ALMEIDA;111;TER/;TER/;Ativo;-
84783;ESTACAO DO SUCO;105;SAB/;DOM/;Ativo;-
84784;CASA DE CARNES MeC;112;QUI/;DOM/;Ativo;-
84786;CAMARGO S RESTAURANT;110;SEG/;DOM/;Ativo;-
84789;SERV FESTA SANTOS;306;QUI/;SEG/;Ativo;-
84790;XAVIER CHURRASCARIA;111;TER/;DOM/;Ativo;-
84791;CONV FLOR DE LIS;106;QUA/;QUA/;Ativo;-
84792;SERV FESTA JAGUARE;307;SEX/;TER/;Ativo;-
84793;BAR TCHUTCHU;108;QUA/;DOM/;Ativo;Em dia
84794;LONDON SERV FESTA;104;TER/;DOM/;Ativo;-
84795;BAR DO GUSTINHO;106;TER/;TER/;Ativo;-
84796;O NOSSO S F II;104;TER/;DOM/;Ativo;-
84797;S F ASA BRANCA;112;QUA/;DOM/;Ativo;-
84798;J.A.D. BOLOS E DOCES;107;SEG/;QUI/;Ativo;-
84799;RESTAURANTE HATSUMI;102;SAB/;DOM/;Ativo;-
84800;BRAZUCA RP;105;QUI/;DOM/;Ativo;Em dia
84801;SERV FESTA AVENIDA;308;SEX/;TER/;Ativo;-
84802;SERV FESTA CHICAGO;110;SAB/;QUA/;Ativo;Em dia
84803;CONV DO MANOEL;106;SEX/;DOM/;Ativo;Inad
84806;MAGNUS SERV FESTA;111;SEX/;DOM/;Ativo;-
84808;LANCHONETE IDEAL;101;SAB/;DOM/;Ativo;-
84809;FRIENDS PETISCARIA;103;SEG/;DOM/;Ativo;Inad
84811;PICANHA NA CHAPA;201;SEG/;DOM/;Ativo;-
84812;AGRO COLIBRI;106;SEX/;DOM/;Ativo;Em dia
84813;ESTANCIA CAIPIRA;207;QUA/;SAB/;Ativo;Em dia
84814;RESTAURANTE DA VOVO;103;QUI/;DOM/;Ativo;-
84815;CEARA DO PEIXE;106;QUI/;DOM/;Ativo;-
84817;CRU E MALTE;201;TER/;DOM/;Ativo;Inad
84818;ADEGA LAS VEGAS;202;SEG/;DOM/;Ativo;-
84819;FABIANO ESPETO;104;QUA/;SAB/;Ativo;-
84821;PANIFICADORA BISKUIT;104;QUI/;DOM/;Ativo;-
84824;ADEGA DA REPRESA;202;SEX/;TER/;Ativo;Em dia
84825;BOTECO DA RENATA;309;TER/;SEX/;Ativo;-
84826;SELF SERV ESPETOS;110;QUA/;SAB/;Ativo;Em dia
84827;PONTO CERTO;105;SEG/;DOM/;Ativo;-
84828;BAR DA MARA;112;SAB/;DOM/;Ativo;-
84829;S F PAI E FILHA;204;SAB/;DOM/;Ativo;-
84830;ADEGA ALMEIDA;110;QUI/;DOM/;Ativo;-
84831;ESPETARIA SOUZA;107;TER/;DOM/;Ativo;Em dia
84832;ASADO;207;SAB/;QUA/;Ativo;-
84833;GAUCHO LANCHES;112;QUA/;DOM/;Ativo;Em dia
84834;BAR DO VALDECI;106;QUI/;DOM/;Ativo;Em dia
84835;JV BATATAS;201;SEG/;DOM/;Ativo;-
84836;DEBORA MILK SHAKE;104;QUA/;DOM/;Ativo;-
84837;ESPETO BERTELLI;102;SAB/;QUA/;Ativo;-
84839;BAR DO CARIOCA;111;TER/;SEX/;Ativo;Em dia
84841;TRIDICO GUAPIACU;303;SEG/;QUI/;Ativo;Em dia
84842;CONVENIENCIA CENTRAL;107;TER/;DOM/;Ativo;-
84843;BAR DO PANIN;103;SAB/;DOM/;Ativo;-
84844;CHOPP E BREJA;205;SAB/;QUA/;Ativo;-
84845;SERV FESTA IMPERIO;202;SEG/;DOM/;Ativo;Em dia
84846;SERV FESTA WE;111;SEX/;DOM/;Ativo;-
84847;FLOR DO BARU;205;QUA/;QUA/;Ativo;Inad
84848;LANCHONETE DA SHEILA;112;TER/;SEX/;Ativo;-
84849;ESQUINA 43;202;QUA/;DOM/;Ativo;-
84850;FUJI HAYATO;207;QUI/;SEG/;Ativo;Em dia
84852;SPORTS BAR;201;SEG/;QUI/;Ativo;-
84853;CONV ZANI;109;QUI/;SEG/;Ativo;-
84854;SABOR E PROSA;202;TER/;SEX/;Ativo;Em dia
84856;SERV FESTA DO NENE;110;SEX/;TER/;Ativo;-
84857;REST SABOR E CIA;203;QUA/;DOM/;Ativo;-
84858;SUPERMAX EXPRESS;204;SEX/;DOM/;Ativo;-
84859;TIA DO UNO;105;TER/;DOM/;Ativo;-
84860;CASA SARAVALLI;106;SAB/;DOM/;Ativo;-
84861;SANTO LUPULO;207;TER/;TER/;Ativo;Em dia
84862;EMP JARDIM SUL;101;QUI/;DOM/;Ativo;Em dia
84863;BAR DO FUBA;204;SEG/;QUI/;Ativo;Em dia
84864;LOOK LANCHES;106;SEG/;DOM/;Ativo;-
84865;SUP POP ARROYO;111;SEG/;QUI/;Ativo;-
84866;BUTECO VIP;110;QUA/;QUA/;Ativo;-
84867;100 MODERACAO S F;108;QUA/;QUA/;Ativo;Em dia
84868;D NORTE PIZZARIA;202;QUI/;DOM/;Ativo;-
84869;SINHA NEGA;202;QUI/;SEG/;Ativo;Inad
84871;BAR DO JOAQUIM;102;QUA/;DOM/;Ativo;Em dia
84873;BAR TIM MAIA;103;QUA/;SAB/;Ativo;Em dia
84874;MERCADO SCROQUE;103;SEX/;DOM/;Ativo;-
84875;EMP TCHAU BRIGADU;110;TER/;DOM/;Ativo;-
84876;CRAZY FROG;111;TER/;SEX/;Ativo;Em dia
84877;SERV NORTE;304;SEX/;TER/;Ativo;-
84879;ESPETO DO X;107;SEG/;DOM/;Ativo;-
84880;POUS DOS APOSENTADOS;102;QUA/;DOM/;Ativo;Em dia
84881;KAIAKI;204;QUI/;SEG/;Ativo;Em dia
84882;CONV PAULISTA;111;SEX/;DOM/;Ativo;-
84883;BAR DO BOCA;104;QUA/;SAB/;Ativo;Em dia
84884;UNICA - FARMACIA DE;101;SAB/;DOM/;Ativo;Em dia
84885;TICO E TECO LANCHES;110;QUI/;DOM/;Ativo;Em dia
84886;S F BRANCO;110;SEX/;TER/;Ativo;-
84887;BAR DO JAPONES;111;QUI/;DOM/;Ativo;-
84888;EMPORIO SINGOL;105;SEG/;DOM/;Ativo;-
84889;CASA DAS BEBIDAS;106;QUI/;DOM/;Ativo;Em dia
84890;OFICIAL HORTIFRUTI;111;TER/;DOM/;Ativo;-
84891;MADASOFT;203;QUI/;DOM/;Ativo;-
84893;BAR MARTINS;102;QUA/;DOM/;Ativo;Em dia
84894;SERV FESTA MADERITE;105;SAB/;DOM/;Ativo;-
84895;MONTE SNOOKER BAR;103;SAB/;DOM/;Ativo;-
84896;BAR LANCH RODOVIARIA;112;QUA/;DOM/;Ativo;-
84898;PEDROCAS BAR;102;TER/;DOM/;Ativo;-
84899;ADEGA MIL GRAU;102;TER/;DOM/;Ativo;-
84900;REST IPE PARK HOTEL;207;SEG/;DOM/;Ativo;-
84901;EMPORIO BOSQUE;108;QUA/;DOM/;Ativo;-
84902;HOME MARKET II;107;QUI/;SEG/;Ativo;Em dia
84903;SR GOURMET;205;SEG/;QUI/;Ativo;Em dia
84904;ADEGA DO TABACO;105;SEX/;DOM/;Ativo;-
84905;KALL BAR;101;SAB/;QUA/;Ativo;Em dia
84906;OFICIAL ESPETO;108;QUA/;DOM/;Ativo;-
84907;PREMIUM BEEF;109;SEG/;DOM/;Ativo;-
84908;NACAO VALQUIRIAS;207;SEG/;DOM/;Ativo;-
84909;S F MORADA DO SOL;307;SEG/;QUI/;Ativo;Em dia
84911;BAR BEIJA FLOR;107;SEG/;DOM/;Ativo;-
84912;FOOD TRUCK COXINHAS;102;QUI/;DOM/;Ativo;-
84913;AMIGOS DA HIPPO;207;SEG/;DOM/;Ativo;-
84914;BAR DO NENE CARAN;204;SEG/;DOM/;Ativo;-
84915;BAR BOLA 7;108;QUI/;SEG/;Ativo;Em dia
84916;GUGA MINI MERCADO;110;SEG/;DOM/;Ativo;-
84918;PANELA VEIA RES e CH;109;QUA/;DOM/;Ativo;Em dia
84919;CAPIBAR;201;SEX/;DOM/;Ativo;-
84920;MERCEARIA BAR;108;QUA/;DOM/;Ativo;-
84921;TO FRIO;105;QUI/;DOM/;Ativo;-
84922;PRIMEIRA ESTACAO;307;SAB/;QUA/;Ativo;-
84923;EMPORIO DAS FRUTAS;102;SAB/;DOM/;Ativo;-
84924;VST VIDRACARIA E LO;101;SEG/;DOM/;Ativo;-
84925;TIAGO DOCES E SALGAD;110;SEG/;DOM/;Ativo;-
84926;CH BURGUER S;201;TER/;DOM/;Ativo;-
84927;ADEGA SOARES;103;SAB/;DOM/;Ativo;-
84928;POINT DO ESPETO;112;QUI/;DOM/;Ativo;Em dia
84929;BAR DO ORATI;106;SEX/;DOM/;Ativo;-
84931;SOL NORTE ESP e CHOP;111;TER/;DOM/;Ativo;-
84932;COLEGIO INTELECTUS;203;SAB/;QUA/;Ativo;Em dia
84933;CONTAINER ESPETOS;202;QUA/;DOM/;Ativo;Em dia
84935;CHURRAS GREGO;102;SEX/;DOM/;Ativo;-
84936;FOFAO SERV FESTA;306;SEG/;QUI/;Ativo;Em dia
84937;BARRACAO DO ESPETO P;110;QUI/;DOM/;Ativo;Em dia
84938;DECK BEER;207;QUA/;SAB/;Ativo;Em dia
84940;EDIBAR;107;SEX/;DOM/;Ativo;-
84941;ARENA RESENHA;102;QUA/;DOM/;Ativo;-
84943;BAR LAMEU;110;SEG/;DOM/;Ativo;-
84945;LA SORELLA PIZZAS;204;SEX/;DOM/;Ativo;-
84946;ESQUINA DA PRAIA;108;SEX/;DOM/;Ativo;-
84947;CAF E CONV BRASIL;110;QUA/;DOM/;Ativo;-
84948;ROTA DA BEBIDA;108;SEG/;DOM/;Ativo;-
84949;J GARCIA REST E PETI;102;QUA/;DOM/;Ativo;Em dia
84950;PORCADA DO TICO;106;SAB/;DOM/;Ativo;-
84952;SERV FESTA NIKITO;306;QUA/;SAB/;Ativo;Em dia
84953;COXINHAS BADY RN;207;TER/;SEX/;Ativo;Em dia
84954;R A SERV FESTAS;307;TER/;SEX/;Ativo;Inad
84955;GRECCO SERV FESTA;307;SEX/;TER/;Ativo;Em dia
84956;ZE BANANA EXPRESS;203;QUI/;DOM/;Ativo;-
84957;ZE BANANA YOLANDA;207;QUI/;DOM/;Ativo;-
84958;MAIS QUE ESPETO;202;QUA/;DOM/;Ativo;-
84959;REST E PETIS DA VOVO;103;TER/;DOM/;Ativo;Inad
84960;SAULINHO BAR;204;SEX/;TER/;Ativo;-
84961;BAR DO ZE DO DECAO;101;SEG/;DOM/;Ativo;-
84962;SUSHI BAR ALE;106;QUI/;DOM/;Ativo;Em dia
84963;SAMARA HOTEL E REST;108;SEG/;DOM/;Ativo;Inad
84964;CASA DE RAC STA INES;104;TER/;DOM/;Ativo;-
84965;S F E MERCEARIA;112;SEX/;DOM/;Ativo;-
84966;BAR FLAMBOYANT;204;SEX/;DOM/;Ativo;-
84967;KAMEL SERV FESTA;204;QUA/;DOM/;Ativo;-
84968;SUP SANTANA;103;SEG/;DOM/;Ativo;-
84970;PORTAL CONVENIENCIA;309;SEX/;TER/;Ativo;-
84971;BOABAR DO GUEDAO;204;SEX/;DOM/;Ativo;-
84972;GM ADEGA;204;QUA/;DOM/;Ativo;Inad
84973;CS DE CARNE MADALENA;112;QUI/;DOM/;Ativo;-
84974;BAR DA TEREZA;103;QUI/;DOM/;Ativo;-
84975;BM PASTELARIA;104;TER/;DOM/;Ativo;Inad
84976;L OSTERIA;205;QUA/;SAB/;Ativo;Em dia
84977;S F KA E KA;307;SEG/;QUI/;Ativo;Em dia
84978;DIVINO MERCADO;107;QUA/;DOM/;Ativo;Em dia
84979;MERCEARIA SILVA;111;QUA/;DOM/;Ativo;-
84980;JAPALEGO;202;SEX/;TER/;Ativo;-
84981;CASA DE CARNES SOUZA;108;SEX/;DOM/;Ativo;-
84982;MENEZES DISTRIBUIDOR;110;SEG/;DOM/;Ativo;Inad
84983;REFUGIO DELAS;111;QUI/;DOM/;Ativo;Em dia
84984;SR DOG;103;QUA/;DOM/;Ativo;Em dia
84985;CASA TRES RESTAURANT;204;QUA/;DOM/;Ativo;Em dia
84986;BALCAO E PROSAS;102;SEG/;QUI/;Ativo;Em dia
84987;BLACK BEER II;308;SEG/;QUI/;Ativo;Em dia
84988;VIZINHO MARKET;101;QUI/;DOM/;Ativo;-
84989;FERAS BAR;112;TER/;DOM/;Ativo;-
84990;BAR RUZA;109;TER/;DOM/;Ativo;Inad
84991;BOTECO DO BRAZ;108;TER/;DOM/;Ativo;Inad
84992;ORLA PUB;205;QUA/;DOM/;Ativo;Em dia
84993;S F AMORIM BEER;203;QUI/;DOM/;Ativo;-
84994;S F DA FAMILIA;204;SAB/;QUA/;Ativo;-
84995;PADARIA CREPALDI;101;TER/;DOM/;Ativo;-
84996;QUITANDA DO ANDERSON;204;QUA/;DOM/;Ativo;-
84997;PADARIA MARABA;105;SEG/;DOM/;Ativo;-
84999;S F DO BARRIGA;306;TER/;SEX/;Ativo;Inad
85000;BAR DO CABECA;202;QUA/;DOM/;Ativo;Inad
85001;BAR DO ELOY;202;QUA/;DOM/;Ativo;Em dia
85002;SERV FESTA MARIA;106;SEX/;TER/;Ativo;-
85003;DEISE BAR;101;SEG/;DOM/;Ativo;Em dia
85004;FRICARNE JB;107;TER/;DOM/;Ativo;-
85005;VARANDA RESTAURANTE;205;TER/;SEX/;Ativo;Em dia
85006;BAR JEAN;202;QUI/;DOM/;Ativo;-
85007;VAPT VUPT SPAGNA;111;TER/;DOM/;Ativo;Inad
85008;VARANDINHA;203;QUA/;DOM/;Ativo;-
85009;S F FAMILIA FETT;110;QUA/;DOM/;Ativo;Em dia
85010;BB ONCA BURGUERS;205;QUI/;SEG/;Ativo;Inad
85011;CONVENIENCIA ZANUSSO;308;QUI/;SEG/;Ativo;Inad
85012;SACOLAO BITA JAGUARE;109;TER/;DOM/;Ativo;-
85013;M.K. SERV FESTA;109;TER/;SEX/;Ativo;-
85014;BAR MORETTI;102;QUI/;DOM/;Ativo;Em dia
85015;CONVENIENCIA 017;102;TER/;DOM/;Ativo;-
85016;PONTO DO SALGADO;106;SEX/;DOM/;Ativo;-
85017;BAR DO JUNINHO;201;QUI/;SEG/;Ativo;-
85018;BAR MORENA TROPICANA;112;SEX/;DOM/;Ativo;-
85019;SETVALLEY SALGADOS;112;QUI/;DOM/;Ativo;-
85020;BRUNO SANTOS;112;QUA/;DOM/;Ativo;-
85021;MERCEARIA NS;112;SEG/;DOM/;Ativo;-
85022;ROLEZIN BAR;110;QUI/;DOM/;Ativo;-
85023;YOKO KATSU SANDO;202;SEX/;DOM/;Ativo;-
85024;CHOCO ARTE;105;SEG/;DOM/;Ativo;-
85025;REGIS SERV FESTA;112;SAB/;QUA/;Ativo;-
85026;BAR DA DI;108;SEX/;DOM/;Ativo;-
85027;CS DE CARNES MADUANA;107;SEG/;DOM/;Ativo;-
85028;RICK SERV FESTAS;307;QUA/;SAB/;Ativo;Em dia
85029;BAR DO BARBA;111;SAB/;QUA/;Ativo;Em dia
85030;GARCIA BAR E PETIS;109;SEG/;DOM/;Ativo;-
85031;CHURRASCAR DO GAUCHO;103;QUA/;DOM/;Ativo;-
85032;SUPERMERC BARCELOS;107;SEG/;QUI/;Ativo;Em dia
85033;ALINE MARMITEX;309;QUI/;SEG/;Ativo;Inad
85034;DEPOSITO DO CARLIN;101;SEG/;DOM/;Ativo;-
85035;POINT DOS AMIGOS;103;QUI/;DOM/;Ativo;Em dia
85036;S F THOMEY;102;TER/;DOM/;Ativo;-
85037;BERTO DELIVERY;106;QUI/;DOM/;Ativo;Em dia
85038;CONV SILAS;103;QUA/;DOM/;Ativo;Em dia
85039;MAVAVA PETISCARIA;102;SAB/;DOM/;Ativo;-
85040;LANCHONETE VARANDA;108;SEX/;DOM/;Ativo;-
85042;MAE E FILHOS ESPETOS;111;QUA/;DOM/;Ativo;-
85043;BAR PAI E FILHO;204;SEX/;DOM/;Ativo;Inad
85044;MARSALA;204;SEX/;DOM/;Ativo;-
85046;MERCEARIA FAZAN;204;SEG/;DOM/;Ativo;Em dia
85047;BAR E MERC DO NALDO;110;QUA/;DOM/;Ativo;-
85048;E PRA JAPA;201;QUI/;DOM/;Ativo;-
85049;BAR DOS AMIGO SCHMIT;101;QUI/;DOM/;Ativo;Em dia
85050;CONV SOBRINHO SALES;301;QUA/;SAB/;Ativo;Em dia
85051;BAR DO ZE BAIANO;106;TER/;DOM/;Ativo;-
85052;SERV FESTA DO GORDO;308;SEX/;TER/;Ativo;-
85053;AGENCIA FAN;205;SEG/;DOM/;Ativo;-
85054;SERV FESTA VETORASSO;309;SEG/;QUI/;Ativo;Em dia
85055;SUPERMERCADO MAXXI;107;SEX/;TER/;Ativo;-
85056;BAR DA ELIANE;103;QUI/;DOM/;Ativo;-
85057;SORVETES TORCIDINHO;101;SAB/;DOM/;Ativo;-
85058;MINEIRO BAR E GRILL;201;SEG/;DOM/;Ativo;-
85059;PESQUEIRO DO JUNINHO;108;QUI/;DOM/;Ativo;-
85060;ADEGA CENTRAL;309;QUI/;SEG/;Ativo;-
85061;MENINAS BAR DA BETA;104;SEX/;DOM/;Ativo;-
85062;HIYOKO SUSHI;202;SEG/;DOM/;Ativo;-
85063;7 PARKING;203;SEX/;DOM/;Ativo;-
85064;LE PAES E DOCES;101;QUI/;DOM/;Ativo;Em dia
85065;BETINHO LANCHES;102;QUA/;DOM/;Ativo;-
85066;PONTO DO CHOPP;107;QUA/;DOM/;Ativo;-
85067;FRICARNE JK;107;QUA/;DOM/;Ativo;Em dia
85068;PADARIA NOVAES;101;SAB/;DOM/;Ativo;-
85069;G5 DISTRIBUIDORA;106;QUI/;DOM/;Ativo;Em dia
85070;COMERCIAL LOPES;108;SEX/;DOM/;Ativo;-
85071;ANINHA LANCHES;108;SEX/;DOM/;Ativo;-
85072;CJS DIQUE GELADA;106;SEX/;DOM/;Ativo;-
85073;CASA DE CARNE MB;102;QUI/;DOM/;Ativo;-
85074;BAR SILVA;102;QUA/;DOM/;Ativo;-
85075;RESTAURANTE DA VOVO;103;QUI/;DOM/;Ativo;Em dia
85076;JVTAVARES SETVALEY;304;QUA/;SAB/;Ativo;Em dia
85077;ADEGA KING WHISKY;102;SEX/;DOM/;Ativo;-
85078;ADEGA SPECIAL;202;QUI/;DOM/;Ativo;-
85079;MINI MERCADO SILVA;101;SEG/;DOM/;Ativo;-
85080;DFATTORI PIZZARIA;109;QUI/;DOM/;Ativo;-
85081;BAR BRUZADIN;112;TER/;DOM/;Ativo;-
85082;O TRAILER;102;QUA/;DOM/;Ativo;Em dia
85083;ATELIE 450 ALIMENTOS;203;SAB/;DOM/;Ativo;-
85084;ZENITH VIP LOUNGE;207;TER/;SEX/;Ativo;Em dia
85085;BOTECO MULLER;202;QUI/;DOM/;Ativo;-
85086;OASIS BAR;202;QUA/;DOM/;Ativo;Em dia
85088;BORA DE GOLE;111;SEX/;DOM/;Ativo;-
85089;CENTRAL DE EVENTOS;207;SEG/;DOM/;Ativo;-
85090;SERV FESTA REGISSOL;204;SAB/;DOM/;Ativo;-
85091;SHARK BURGUER;201;TER/;SEX/;Ativo;-
85092;CONV E PADARIA BADY;107;QUA/;DOM/;Ativo;-
85093;SUPREMA SERV FESTA;105;SEG/;DOM/;Ativo;-
85094;MARAMBAIA BEBIDAS;109;QUI/;DOM/;Ativo;Em dia
85095;PONTO DO TORRESMO;107;TER/;DOM/;Ativo;-
85096;CASA DOS ASSADOS;203;QUA/;DOM/;Ativo;Em dia
85097;CABANHAS BAR;106;TER/;DOM/;Ativo;-
85098;SANTISSIMO EVENTOS;205;QUI/;SEG/;Ativo;Inad
85099;PEDROS RESTAURANTE;203;SAB/;DOM/;Ativo;-
85100;DOG LANCHES;104;TER/;DOM/;Ativo;-
85101;BAR DA NEIA;112;SEG/;DOM/;Ativo;-
85102;BR 153 ARENA;202;TER/;DOM/;Ativo;-
85103;WORK CAFE;207;SAB/;QUA/;Ativo;Inad
85104;CS CARNES OSORIO;106;QUI/;DOM/;Ativo;Em dia
85105;CONV QUINTA DA MATA;102;QUI/;SEG/;Ativo;Em dia
85106;LANC TERRAS DA BARRA;104;SEG/;DOM/;Ativo;-
85107;CEBOLA FRITA;109;QUI/;SEG/;Ativo;-
85108;LA BRASA;201;SEX/;DOM/;Ativo;-
85109;CEDROS LANCHE;101;QUA/;SAB/;Ativo;Em dia
85110;TOCA DA ONCA;109;SAB/;DOM/;Ativo;-
85112;PONTO DO GOLE;103;SAB/;DOM/;Ativo;-
85113;DROGARIA ADOLFO;104;TER/;DOM/;Ativo;-
85114;IAIA CHURRERIA;205;SEX/;DOM/;Ativo;-
85116;CAPIVARAS BEER;203;QUI/;DOM/;Ativo;-
85117;SF E MERC TOTAL;112;SEX/;DOM/;Ativo;-
85118;CC DA FAMILIA;111;QUI/;DOM/;Ativo;-
85119;MANCHINI MERCEARIA;104;QUI/;DOM/;Ativo;Em dia
85120;TERRA SERTANEJA SF;109;SAB/;DOM/;Ativo;-
85121;SERV FESTA SANTOS;306;QUI/;SEG/;Ativo;-
85122;NONAKINHA KIDS;107;SEG/;DOM/;Ativo;-
85123;EMPORIO DAS BEBIDAS;306;SEG/;QUI/;Ativo;Em dia
85124;RML EVENTOS;204;QUA/;DOM/;Ativo;-
85126;PIEMONTESE EXPRESS;201;TER/;DOM/;Bloqueado;-
85127;LUMUS FAST FOOD;103;SEG/;DOM/;Ativo;-
85128;CARNES PAI E FILHOS;101;SAB/;DOM/;Ativo;-
85129;BATATA SUICA;203;QUI/;SEG/;Bloqueado;-
85335;S F MIRASSOLANDIA;306;QUA/;SAB/;Ativo;Em dia
85515;BAR E MERC PEROBAS;107;SEG/;SEG/;Ativo;-
85789;CASA DE CARNES IPANE;105;SEX/;SEX/;Ativo;-
85987;LANCHONETE DO LEE;203;SEX/;SEX/;Ativo;-
86163;PANIFICADORA UNIAO;111;TER/;DOM/;Ativo;-
86581;BAR DO LUIZ;105;QUI/;SEG/;Ativo;Em dia
88470;BAR BURIOLA;106;SEG/;QUI/;Ativo;Em dia
88542;BAR DO MARABA;111;TER/;SEX/;Ativo;Em dia
90266;AUGUSTOS LANCHES;201;QUA/;SAB/;Ativo;Em dia
93247;S5 - BAR E MERC LL;101;SEX/;TER/;Ativo;-
94039;PANIF AVENIDA;109;SEX/;DOM/;Ativo;-
95986;S5 - EMPORIO ZAMPI;105;SAB/;QUA/;Ativo;Em dia
96052;SPAGUETTO;205;SEX/;TER/;Ativo;Em dia
96173;PANIFICADORA RAINHA;207;QUA/;SAB/;Ativo;Em dia
96558;RUI GAS;109;QUI/;SEG/;Ativo;Em dia
97889;SERV FESTAS IRAPUA;309;QUA/;SAB/;Ativo;-
97891;LA CASA;202;SEX/;TER/;Ativo;-
97893;S5 - PESQ VENDRAMI;104;SEX/;TER/;Ativo;-
97901;BEBIDAS POR DO SOL;102;SEG/;SEG/;Ativo;Em dia
97903;CONV VALE DO TIETE;309;TER/;SEX/;Ativo;Em dia
97906;BAR DO NEY;104;QUA/;SAB/;Ativo;Em dia
97908;S FESTA FERNANDINHO;307;SEG/;QUI/;Ativo;Em dia
97925;PALESTRINIDADE;102;QUI/;SEG/;Ativo;Em dia
97928;3 TEMPO;306;TER/;SEX/;Ativo;Em dia
97933;BAR E CONV DO EDSON;109;QUI/;SEG/;Ativo;-
97935;SS RAMOS EVENTO;102;SAB/;QUA/;Ativo;-
97936;MERCEARIA SETSUL;309;QUA/;SAB/;Ativo;-
97938;S5 - SATI LAZER;109;QUA/;SAB/;Ativo;Em dia
97942;NOVO EMPORIO BAR;103;QUI/;SEG/;Ativo;-
97954;DEGUSTE;104;QUA/;QUA/;Ativo;Em dia
97962;MERCEARIA DO GAUCHO;107;SEX/;TER/;Ativo;-
97972;LUSA PET STORE;205;TER/;TER/;Ativo;-
97999;CAPITELLI CONV;104;TER/;DOM/;Ativo;-
98000;ESPETINHOS DA POLI;202;TER/;DOM/;Ativo;-
98010;VAPT VUPT MERCADO;111;SEG/;QUI/;Ativo;-
98013;ISTOK ECO;105;TER/;DOM/;Ativo;Em dia
98018;ALLUMA PIZZARIA;103;TER/;DOM/;Ativo;-
98026;CASA DOS QUITUTES;101;SAB/;QUA/;Ativo;-
98029;EeS DOCES;109;QUI/;SEG/;Ativo;-
98032;DUETTO PAES;105;SEG/;SEG/;Ativo;-
98033;ISTOK FIORA;105;TER/;DOM/;Ativo;-
98034;LAPA MERCADOS E UTIL;109;SAB/;QUA/;Ativo;Em dia
98038;ADG DO VQR II;107;SAB/;QUA/;Ativo;Em dia
98045;DIVAS MAKE;204;QUA/;DOM/;Ativo;-
98055;IMPERIO HAMBURGUERIA;201;SEX/;DOM/;Ativo;-
98056;JHS DOCES;111;QUI/;SEG/;Ativo;-
98057;MERCADINHO ARROYO;111;SEG/;QUI/;Ativo;Em dia
98063;GAB S URUPES;102;SEG/;SEG/;Ativo;Em dia
98064;MELAS CAFE;203;SEG/;SEG/;Ativo;-
98075;FOGAO E PANELA;101;SEX/;SEX/;Ativo;-
98076;S F CAPIVARA;109;SEG/;QUI/;Ativo;Em dia
98085;MM PORCADA E PETISC;106;SEX/;DOM/;Ativo;-
98093;E D MAIS;203;SEX/;DOM/;Ativo;-
98094;SERV FESTA FLASH;110;TER/;DOM/;Ativo;-
98095;REAL SUP MACAUBAL;103;SEX/;SEX/;Ativo;-
98096;SERV FESTA MIRANTE;202;SEG/;DOM/;Ativo;-
98098;PONTO DO SALGADO;103;SEG/;DOM/;Ativo;-
98100;PRATICO STORE;109;QUI/;DOM/;Ativo;-
98104;DK SERV FESTA BRASIL;306;SEX/;TER/;Ativo;-
98107;OPA BAO CONV;107;TER/;TER/;Ativo;-
98112;J.L. SERV FESTA;309;SEG/;QUI/;Ativo;-
98116;O PADEIRO;101;SAB/;QUA/;Ativo;-
98121;BAR SAO JOSE;107;TER/;TER/;Ativo;-
98124;CONV MENDEZ;203;QUA/;QUA/;Bloqueado;-
98127;COMPANHEIRO SF;112;SEG/;QUI/;Ativo;Em dia
98130;MERCEARIA DA PRI;107;QUA/;DOM/;Ativo;-
98131;SERV FESTA ZERO GRAU;309;SEG/;QUI/;Ativo;Em dia
98138;HORA DO SALGADO;105;SEG/;DOM/;Ativo;-
98142;RIBEIRO GAS E AGUA;110;TER/;SEX/;Ativo;-
98150;POSTO MACEDAO;107;QUA/;DOM/;Ativo;Em dia
98151;OKEO MINIMERC AC;111;QUA/;DOM/;Ativo;-
98174;S5 - PIPPER STK HOUS;207;SAB/;QUA/;Ativo;Em dia
98177;S5 - BAR BARBA AZUL;101;QUI/;SEG/;Ativo;Em dia
98178;SUSHI YAYA;202;QUI/;QUI/;Ativo;-
98197;RAINHA SERV FESTAS;101;SEX/;SEX/;Ativo;-
98213;BAR DO VAL;106;QUI/;QUI/;Ativo;Em dia
98221;MERCEARIA LUANA;112;SEX/;DOM/;Ativo;-
98233;S F CASSETARI;308;QUI/;SEG/;Ativo;Em dia
98243;CLUB MELISSA;207;SEX/;TER/;Ativo;-
98256;S FESTA BEM GELADO;107;SEG/;QUI/;Ativo;Em dia
98257;BLACK BEER SERV FEST;308;SEG/;QUI/;Ativo;Em dia
98272;SERV FESTA LUAR;309;QUI/;SEG/;Ativo;Em dia
98274;PETRUSBURGER;104;SEX/;TER/;Ativo;-
98283;PRATES SERV FESTA;306;QUI/;SEG/;Ativo;Em dia
98290;SUPERMERCADO TIM TIM;301;QUA/;SAB/;Ativo;-
98328;SKINAS BURGUERS;202;SEG/;QUI/;Ativo;Em dia
98334;ACONCHEGO LANCHES;201;SEG/;QUI/;Ativo;-
98337;S5 - REST IATE;103;TER/;SEX/;Ativo;Em dia
98338;BUMERANGUE SPORTING;110;TER/;DOM/;Ativo;-
98339;C DE CARNES PINHEIRO;109;SAB/;QUA/;Ativo;Em dia
98351;TIA SONIA;109;QUA/;QUA/;Ativo;-
98360;SUP SAO FRANCISCO;303;QUA/;SAB/;Ativo;Em dia
98370;BAR DO ROSARIO;102;SEX/;TER/;Ativo;-
98372;RICARDO SERVE FESTA;307;QUI/;SEG/;Ativo;Em dia
98388;BURGER HOUSE;104;SEG/;QUI/;Ativo;-
98392;SUPERMERCADO LIDER;106;SEX/;DOM/;Ativo;-
98394;SUPERMERCADO BARBOSA;309;QUI/;SEG/;Ativo;Em dia
98398;SERV FESTA SERV MAIS;307;SEX/;TER/;Ativo;-
98404;DUDA BEBIDAS;309;SEX/;TER/;Ativo;Em dia
98406;SIMPRAO MERCEARIA;111;SEG/;QUI/;Ativo;Em dia
98418;ESPETARIA PARATODOS;204;TER/;SEX/;Ativo;-
98426;ARMAZEM POPULAR;101;QUI/;QUI/;Ativo;-
98427;TRADICIONAL PASTEL;111;TER/;DOM/;Ativo;-
98435;PITELLI BARBERSHOP;102;SEG/;DOM/;Ativo;-
98460;BAR DO CHICAO;104;SEX/;TER/;Ativo;-
98461;CASARAO BAR;106;SEG/;DOM/;Ativo;Em dia
98462;MERCADO J M;301;QUI/;SEG/;Ativo;Em dia
98469;SORV ANAMAR;107;TER/;TER/;Bloqueado;-
98486;ARMAZEM VITORIANO;301;QUI/;SEG/;Ativo;Em dia
98491;BAR DO GORDAO;207;QUA/;SAB/;Ativo;Em dia
98496;BOARROLI CONFEITARIA;103;SEG/;QUI/;Ativo;Em dia
98517;PANIF SAO PEDRO;108;SEG/;QUI/;Ativo;Inad
98518;CORUJAO BEBIDAS;307;QUI/;SEG/;Ativo;Em dia
98519;DOM ROCHA;203;TER/;SEX/;Ativo;Inad
98525;RONCADOR SORVETERIA;104;QUA/;DOM/;Ativo;-
98526;PADARIA DO PARQUE;102;QUI/;SEG/;Ativo;Inad
98530;SOS SERV FESTA;306;QUI/;SEG/;Ativo;Em dia
98536;C DE CARNES FAZOLI;102;SEG/;SEG/;Ativo;-
98539;DIVINO FOGAO RP;205;SEX/;TER/;Ativo;Em dia
98544;MERCEARIA DO BINHA;111;SEG/;DOM/;Ativo;-
98547;SERV FESTA JULIAO;109;SEG/;QUI/;Ativo;-
98581;VAREJAO STA APOLONIA;101;QUI/;DOM/;Ativo;Em dia
98599;REPUBLICA DA CERVEJA;304;SEG/;QUI/;Ativo;Em dia
98601;J H DIVERSOES;108;TER/;SEX/;Ativo;Em dia
98603;DOM MERCATO;303;TER/;SEX/;Ativo;-
98621;TIAO GAS E AGUA;101;SEX/;DOM/;Ativo;-
98628;O NOSSO SERV FESTA;308;SEX/;TER/;Ativo;Em dia
98634;DON PORKINO;107;QUI/;SEG/;Ativo;Em dia
98641;OKAYAMA SHI SUSHI;205;SAB/;QUA/;Ativo;-
98649;BAR DO BRUTO;102;SEG/;QUI/;Ativo;Em dia
98654;SERV FESTA MARICOTA;308;SEG/;QUI/;Ativo;Em dia
98656;ARMAZEM DA ISCA;104;QUI/;SEG/;Ativo;-
98663;SANTA MASSA PIZZARIA;202;QUA/;DOM/;Ativo;Em dia
98672;BEACH PARK WORD;112;QUA/;QUA/;Ativo;Em dia
98681;ADEGA BEER;308;TER/;SEX/;Ativo;Em dia
98693;S5 - BAR ALEXANDRE;204;SEX/;TER/;Ativo;Em dia
98695;BAR E MERC DO GIBA;112;QUI/;QUI/;Ativo;-
98696;S F DENIR;306;SEX/;TER/;Ativo;-
98699;J M SUPERMERCADO;309;SEX/;TER/;Ativo;-
98723;SERV FESTA ALTAS HOR;308;SEG/;QUI/;Ativo;Em dia
98735;WJ SERV FESTA;111;SAB/;DOM/;Ativo;-
98747;BAR N SRA APARECIDA;105;SEX/;TER/;Ativo;Em dia
98759;S5 - SOUZA SOUZA BAR;201;SEG/;QUI/;Ativo;-
98769;S5 - LUCAS SUP;305;QUI/;SEG/;Ativo;Em dia
98774;RESTAURANTE DANRO;109;SEX/;TER/;Ativo;-
98776;SERV FESTA CEBOLINHA;306;QUA/;SAB/;Ativo;Em dia
98779;S5 BAR DOS AMIGOS RP;109;SEG/;QUI/;Ativo;-
98791;RESTAURANTE H2;205;SEX/;TER/;Ativo;-
98800;DONA BAUNILHA;207;SEX/;TER/;Ativo;-
98801;BAR DO RUBINHO;204;QUA/;DOM/;Ativo;Em dia
98839;SERV FESTA ROCHA;303;QUI/;SEG/;Ativo;Em dia
98843;CONV, JD DO BOSQUE;102;TER/;SEX/;Ativo;-
98847;DELICIAS DU CHEFF;105;TER/;SEX/;Ativo;Em dia
98855;JUBERNAL SALGADOS;204;QUA/;QUA/;Ativo;Em dia
98858;MERCEARIA DO ELIAS;108;QUA/;DOM/;Ativo;Em dia
98861;EMPORIO INACIO;301;SEX/;TER/;Ativo;-
98873;ZAHTAR;205;QUA/;SAB/;Ativo;Em dia
98877;IPIRANGA SCHMITT;303;QUI/;SEG/;Ativo;Em dia
98886;BAR MOTA;106;QUI/;SEG/;Ativo;Em dia
98897;S5 - BAR DA MATINHA;101;QUA/;SAB/;Ativo;Em dia
98898;SEU BAR;205;QUA/;SAB/;Ativo;Em dia
98901;MINIMERC BORTOLUZO;303;QUI/;SEG/;Ativo;-
98903;MERCEARIA CENTRAL;108;QUA/;SAB/;Ativo;-
98906;BARBOSA MERCEARIA;112;TER/;DOM/;Ativo;-
98909;SUP JATOBAS;304;QUA/;SAB/;Ativo;Em dia
98911;ENCONTRO DOS AMIGOS;109;TER/;SEX/;Ativo;Em dia
98928;BAR DO LUIZ;104;QUI/;SEG/;Ativo;Em dia
98929;POSTO ARID GUAPIACU;109;QUA/;SAB/;Ativo;-
98938;ILHA DOS PESCADOS;207;QUA/;QUA/;Ativo;-
98940;ADEGA COPAO;101;QUI/;DOM/;Ativo;Em dia
98943;BONSAI SUSHI LOUNGE;201;SEX/;TER/;Ativo;-
98947;BAR E MERC CHIQUINHA;106;QUI/;SEG/;Ativo;Em dia
98958;BAR PINHEIROS;110;SEX/;TER/;Ativo;-
98971;CACHACARIA AGUA DOCE;201;SEX/;TER/;Ativo;Inad
98976;SUP BOM PRECO;303;QUI/;SEG/;Ativo;Em dia
98987;BAR CLUBE DE CAMPO;109;SAB/;QUA/;Ativo;-
98988;CASA DE CARNE VITORI;204;QUI/;SEG/;Ativo;Em dia
98991;ESTANCIA SABORES;105;SEX/;TER/;Ativo;-
98997;DOM LEON;207;SEX/;TER/;Ativo;Em dia
99042;BAR DO NORTE;102;SAB/;DOM/;Ativo;Inad
99043;DINDOS SALGADOS E BE;203;QUA/;QUA/;Ativo;-
99044;HANAMY SUSHI LOUNGE;207;QUI/;SEG/;Ativo;Em dia
99049;POINT DA CARNE;106;QUI/;QUI/;Ativo;-
99072;SERV FESTA TALHADOS;304;QUA/;SAB/;Ativo;Em dia
99076;PIZZARIA AMENDOLA;108;QUA/;DOM/;Ativo;Em dia
99080;BAR DO ANSELMO;104;QUA/;QUA/;Ativo;Em dia
99096;SERV FESTA SILVA;306;QUI/;SEG/;Ativo;Em dia
99119;S5 - BAR VAL;111;SEX/;TER/;Ativo;-
99124;SUP. LUIMAR;303;TER/;SEX/;Ativo;Em dia
99133;MERC. LAMEIRA;302;QUI/;SEG/;Ativo;Em dia
99141;D KASA TEMPERO;203;QUI/;SEG/;Ativo;-
99145;SAVOINE e NARCISO;111;SEG/;DOM/;Ativo;Em dia
99151;AUTO POSTO D. e A.;302;QUA/;SAB/;Ativo;Em dia
99160;MERCEARIA PRIMAVERA;301;SAB/;QUA/;Ativo;Em dia
99161;EMPORIO VILA FLORA;109;QUI/;SEG/;Ativo;-
99163;ODA RESTAURANTE JAPA;205;QUA/;SAB/;Ativo;-
99189;CELIA SALGADOS;204;QUA/;SAB/;Ativo;-
99191;TONINHO S COMIDA;110;QUA/;QUA/;Ativo;Em dia
99196;JS SERV FESTA;306;QUI/;SEG/;Ativo;Em dia
99197;MERCEARIA NUNES;109;QUA/;SAB/;Ativo;Em dia
99212;BAR E LANCH NSAPAREC;109;QUA/;SAB/;Ativo;-
99216;CELIA LANCHES;203;QUA/;DOM/;Ativo;Em dia
99227;AUTO POSTO CURVA DAG;105;QUI/;SEG/;Ativo;-
99233;ESPETARIA DO RATINHO;202;QUI/;SEG/;Ativo;-
99239;CASA DECARNES GARCIA;107;TER/;SEX/;Ativo;-
99240;CHOPERIA TANABI;106;QUI/;DOM/;Ativo;Em dia
99244;DOCES E PRAZERES;203;QUA/;SAB/;Ativo;Em dia
99245;BAR DO TONINHO;104;SEG/;QUI/;Ativo;-
99254;LOJA DO REAL ADOLFO;104;TER/;SEX/;Ativo;-
99260;MERCEARIA JS;303;SEX/;TER/;Ativo;-
99264;S5 - BAR DO CHEFE;207;TER/;SEX/;Ativo;-
99266;SUCOS MANFRE;105;SEX/;TER/;Ativo;Em dia
99274;IMPERIO REAL;309;QUA/;SAB/;Ativo;Em dia
99287;BAR DO IRMAO;204;QUI/;SEG/;Ativo;-
99296;UTILIDADES VILA AZUL;107;SEG/;DOM/;Ativo;-
99302;ACOUGUE SANTANA;103;SEG/;QUI/;Bloqueado;-
99304;MERCADO E BAR RS;302;QUI/;SEG/;Ativo;Em dia
99329;D NARDELE RESTAURANT;204;QUI/;SEG/;Ativo;-
99340;ARENA RB;111;QUI/;SEG/;Ativo;-
99354;BAR CEARA CRUZEIRO;105;SEX/;TER/;Ativo;-
99375;MERCEARIA VITORIA;112;QUI/;QUI/;Ativo;-
99400;HYATT PLACE;205;SEG/;QUI/;Ativo;-
99405;FRANGOS BAR;103;SEX/;TER/;Ativo;Inad
99409;BAR PANTANAL;204;SEG/;QUI/;Ativo;Em dia
99425;IMPERIAL ACAI;203;SEX/;SEX/;Ativo;-
99430;BANCA A CAIXA D AGUA;203;TER/;SEX/;Ativo;-
99438;PETISCOS DA VILA;108;SEX/;TER/;Ativo;-
99441;BAR DA LU;102;SAB/;QUA/;Ativo;Em dia
99461;PADARIA POTI 1;102;SEX/;SEX/;Ativo;-
99462;BAR VENDA NOVA;102;TER/;DOM/;Ativo;-
99468;FARINELI PaES E DOCE;110;TER/;SEX/;Ativo;Em dia
99476;PADARIA JULIO;106;SEX/;SEX/;Ativo;-
99481;EMPORIO DA CARNE;103;SEX/;TER/;Ativo;-
99484;BAR DA BENE;103;QUI/;SEG/;Ativo;Em dia
99514;BAR MERC JD JANDIRA;109;SEG/;QUI/;Ativo;Em dia
99516;SERV FESTA PEDRINHO;306;SEG/;QUI/;Ativo;Em dia
99521;MERCEARIA PERSIA;302;TER/;SEX/;Ativo;Em dia
99530;BAR DO PARANA;112;QUI/;DOM/;Ativo;Em dia
99538;BAR DA BOTIA;103;TER/;SEX/;Ativo;-
99540;AUTO POSTO MARTINELI;107;QUA/;SAB/;Ativo;-
99554;CONVENIENCIA BRASIL;104;SEG/;QUI/;Ativo;-
99567;BAR DO CEARA;103;QUI/;SEG/;Ativo;Em dia
99568;MERC. QUATRO IRMAS;103;QUI/;DOM/;Bloqueado;-
99575;BAR DO MAGNUM;111;SAB/;QUA/;Ativo;Em dia
99579;RESTAURANTE LETHICIA;204;TER/;TER/;Ativo;-
99595;VITORIA PASTEIS;104;SEG/;QUI/;Ativo;-
99597;BARBER SHOP VALMIR;108;QUA/;SAB/;Ativo;Em dia
99598;SHOPPING DA BEBIDA;304;SEG/;QUI/;Ativo;-
99619;SERV FESTA JOAO E MA;308;SEG/;QUI/;Ativo;Em dia
99628;C. CARNE CLAUDINHO;101;QUI/;DOM/;Ativo;-
99636;ART PIZZA;201;QUI/;SEG/;Ativo;Em dia
99665;SERV FESTA BIG REI;111;QUI/;SEG/;Ativo;Em dia
99686;SIRI BAR;106;SAB/;DOM/;Ativo;-
99697;MAD LANCHES;202;QUI/;SEG/;Ativo;Inad
99704;S5 - PAULO ESPETOS;204;TER/;SEX/;Ativo;Em dia
99707;MELISSA;205;SEX/;TER/;Ativo;-
99709;AUTO POSTO ANDRADE;304;QUI/;SEG/;Ativo;-
99715;BAR NS SR APARECIDA;106;SAB/;SAB/;Ativo;Em dia
99718;MERCEARIA PAVANI;304;QUI/;SEG/;Ativo;Em dia
99721;AUTO POSTO ITAPIREMA;102;QUI/;QUI/;Ativo;-
99733;CASA DE CARNES IDEAL;105;SEX/;TER/;Ativo;-
99734;S5 - BAR 7 COPAS;105;SEX/;TER/;Ativo;-
99737;S5 - SANTA TEREZINHA;105;QUA/;DOM/;Ativo;Inad
99750;OFICIAL SERV FESTA;306;TER/;SEX/;Ativo;Em dia
99756;CHURRASC GAUCHINHO;110;QUA/;SAB/;Ativo;Em dia
99758;S5 - BAR JOAQUIM 2;112;TER/;SEX/;Ativo;-
99764;S5 - JAPA S BAR;204;QUA/;SAB/;Ativo;Em dia
99772;SACOI;301;SEG/;QUI/;Ativo;Em dia
99774;RESTAURANTE NOSSA SE;204;SEX/;SEX/;Ativo;-
99782;MERC SANTA TEREZINHA;304;TER/;SEX/;Ativo;-
99803;LATICINIO SAO JOSE;207;QUI/;SEG/;Ativo;Em dia
99812;SERV FESTAS OLIVARES;306;SAB/;QUA/;Ativo;Em dia
99825;CENTRAL CARGAS;105;TER/;SEX/;Ativo;Inad
99830;LOJAO 123;110;SEX/;TER/;Ativo;-
99837;HIPER LOJAO DO REAL;111;QUA/;DOM/;Ativo;-
99838;SERV F MERC. GRANADA;306;SEX/;TER/;Ativo;Em dia
99850;COMERCIO VAREJISTA;110;SEG/;QUI/;Ativo;Em dia
99852;REAL CENTER;104;QUA/;DOM/;Ativo;-
99853;BAR DO BORTOLOTTI;101;QUA/;DOM/;Ativo;-
99872;SANTO ESPETO;201;QUI/;QUI/;Ativo;-
99876;MERCADO GABRIELA;302;SAB/;QUA/;Ativo;Em dia
99877;MERC BOM JESUS;110;SEX/;TER/;Ativo;-
99896;POSTO NATO VETORAZZO;110;TER/;SEX/;Ativo;Em dia
99901;HERRERA 24 HRS;309;TER/;SEX/;Ativo;Inad
99902;S5 - CHICO BARRIGUDO;207;QUI/;SEG/;Ativo;-
99904;PANIF MARIANA;111;SEG/;DOM/;Ativo;Inad
99911;NR SERV FESTAS;307;SEX/;TER/;Ativo;Em dia
99931;PAN JARDIM NUNES;112;SEX/;TER/;Ativo;-
99943;LANCH. VITARI;105;SAB/;QUA/;Ativo;-
99944;BAR SANTO REIS;102;TER/;SEX/;Ativo;-
99957;CASA DE CARNE ESTORI;107;SEG/;DOM/;Ativo;-
99975;SF SANTO REIS 2;308;TER/;SEX/;Ativo;-
99977;CARIOCA SALGADOS;108;QUI/;SEG/;Ativo;Em dia
99984;SERV FESTA FAVER;306;QUA/;SAB/;Ativo;Em dia
99997;CAFETERIA AEROPORTO;207;TER/;SEX/;Ativo;-
